0.49421172763473764,-1.2518164793155235
0.48021968454352076,-1.2644610902177005
0.4660863076837056,-1.2772334244623238
0.45181016944146823,-1.2901347721841654
0.43738982778264246,-1.303166436549662
0.4228238261070609,-1.3163297338885476
0.4081106931014229,-1.3296259938268158
0.3932489425906776,-1.343056559421026
0.3782370733879046,-1.3566227872939656
0.3630735691426793,-1.3703260477716823
0.3477568981879062,-1.3841677250219013
0.3322855133851052,-1.3981492171938397
0.31665785196813434,-1.412271936559434
0.30087233538533564,-1.426537309655994
0.2849273691400843,-1.4409467774302969
0.26882134262972945,-1.4555017953841383
0.25255262898290626,-1.4702038337213519
0.23611958489520626,-1.485054377496315
0.21952055046318603,-1.5000549267639545
0.2027538490167009,-1.5152069967312671
0.18581778694954415,-1.530512117910371
0.1687106535483758,-1.5459718362731019
0.15143072081992287,-1.5615877134071736
0.13397624331643498,-1.5773613266739128
0.11634545795937666,-1.5932942693675887
0.09853658386133797,-1.6093881508763521
0.08054782214614731,-1.6256445968448001
0.06237735576716678,-1.642065249338182
0.04402334932375224,-1.6586517670082646
0.025483948875858746,-1.6754058252608732
0.006757281756774422,-1.6923291164251244
-0.012158543616038082,-1.709423349924368
-0.03126543793201023,-1.7266902524488565
-0.050565331180467056,-1.7441315681301581
-0.07006017284557496,-1.7617490587173315
-0.08975193210325971,-1.7795445037548803
-0.10964259802011313,-1.7975197007625054
-0.12973417975430834,-1.8156764654166722
-0.150028706758546,-1.8340166317340123
-0.1705282289850486,-1.852542052256578
-0.19123481709262694,-1.8712545982389677
-0.21215056265583745,-1.890156159837341
-0.23327757837625224,-1.9092486463003446
-0.2546179982958631,-1.9285339861619644
-0.27617397801264165,-1.9480141274363276
-0.2979476948982765,-1.9676910378144723
-0.3199413483181098,-1.9875667048631034
-0.34215715985329503,-2.007643136225357
-0.36459737352519905,-2.027922359823593
-0.3872642560220719,-2.0484064240642352
-0.4101600969280043,-2.0690973980446823
-0.43328720895419837,-2.0899973717623053
-0.45664792817257654,-2.111108456325561
-0.4802446142517462,-2.1324327841672335
-0.5040796506953517,-2.1539725092598316
-0.5281554450828324,-2.1757298073331635
-0.5524744293126106,-2.1977068760941045
-0.5770390598477402,-2.2199059354485904
-0.6018518179640329,-2.242329227725849
-0.6269152100006917,-2.264979017904898
-0.6522317676134787,-2.287857593843331
-0.6778040480304354,-2.3109672665084156
-0.7036346343101895,-2.334310370210521
-0.7297261356028703,-2.35788926283891
-0.7560811874136593,-2.381706326099909
-0.7827024518690014,-2.405763965757484
-0.809592617985509,-2.430064611876247
-0.8367544019415769,-2.454610719066916
-0.8641905473517464,-2.4794047667342585
-0.891903825543837,-2.504449259327534
-0.9198970358388777,-2.5297467265934683
-0.9481730058338685,-2.5552997238317863
-0.9767345916873946,-2.5811108321533194
-1.0055846784081282,-2.6071826587407267
-1.0347261801462426,-2.633517837111845
-1.0641620404877723,-2.660119027385702
-1.0938952327519442,-2.6869889165512144
-1.1239287602915116,-2.7141302187386005
-1.1542656567961247,-2.7415456754935357
-1.1849089865987648,-2.7692380560540766
0.45619755352674385,-1.2861698926969418
0.4418215288788805,-1.2991615077746888
0.42730029186083673,-1.3122843512875644
0.41263237568099453,-1.3255397487753176
0.3978162987316589,-1.3389290391669875
0.3828505644394007,-1.352453574916149
0.36773366111388744,-1.3661147221375243
0.352464061795187,-1.3799138607449741
0.3370402240995301,-1.393852384590883
0.3214605900635131,-1.4079317016069526
0.3057235859867283,-1.4221532339464167
0.28982762227280423,-1.4365184181276935
0.2737710932688406,-1.4510287051794883
0.2575523771032206,-1.465685560787362
0.24116983552178625,-1.4804904654417799
0.22462181372235762,-1.4954449145876565
0.20790664018758126,-1.5105504187754106
0.19102262651609006,-1.525808503813546
0.1739680672519575,-1.5412207109227738
0.1567412397124295,-1.5567885968916908
0.13934040381391646,-1.5725137342340312
0.12176380189622653,-1.5883977113475063
0.10400965854502456,-1.6044421326742488
0.0860761804124973,-1.6206486188628777
0.0679615560362071,-1.6370188069321998
0.04966395565611607,-1.6535543504365655
0.03118153102976153,-1.6702569196328945
0.012512415245565131,-1.6871282016493883
-0.006345277465744356,-1.7041699006559476
-0.025393451921612725,-1.7213837380363108
-0.04463403218006561,-1.7387714525619302
-0.06406896173405832,-1.7563348005676063
-0.08370020370778836,-1.7740755561288952
-0.1035297410549905,-1.7919955112413084
-0.12355957675923501,-1.8100964760013216
-0.14379173403624973,-1.8283802787892138
-0.1642282565382848,-1.8468487664537514
-0.18487120856054245,-1.8655038044987389
-0.20572267524969146,-1.8843472772714533
-0.22678476281448842,-1.9033810881529831
-0.24805959873852595,-1.9226071597504881
-0.2695493319951293,-1.942027434091402
-0.29125613326442584,-1.9616438728195982
-0.3131821951526039,-1.9814584573935334
-0.3353297324133901,-2.0014731892863975
-0.35770098217175994,-2.0216900901882804
-0.38029820414991117,-2.0421112022103842
-0.40312368089551875,-2.0627385880912974
-0.42617971801229365,-2.0835743314053508
-0.4494686443928747,-2.1046205367730817
-0.47299281245406777,-2.12587933007382
-0.4967545983744644,-2.1473528586604242
-0.5207564023344612,-2.169043291576186
-0.5450006487587004,-2.1909528197739254
-0.5694897865609622,-2.2130836563372984
-0.5942262893915299,-2.235438036704342
-0.6192126558870527,-2.258018218893275
-0.6444514099229341,-2.2808264837305807
-0.6699451008682689,-2.3038651350813946
-0.6956963038433547,-2.327136500082217
-0.721707619979805,-2.3506429293759767
-0.7479816766832903,-2.3743867973494717
-0.7745211278989319,-2.398370502373204
-0.8013286543793777,-2.42259646704364
-0.8284069639555859,-2.4470671384279195
-0.8557587918103415,-2.47178498831103
-0.883386900754539,-2.4967525134454847
-0.9112940815062535,-2.5219722358035197
-0.9394831529726319,-2.547446702831838
-0.9679569625346305,-2.5731784877089274
-0.9967183863346287,-2.599170189604977
-1.0257703295669507,-2.6254244339444215
-1.055115726771316,-2.651943872671133
-1.084757542129261,-2.678731184516296
-1.1146987697635486,-2.705789075268986
-1.144942434040607,-2.7331202780494808
-1.1754915898760194,-2.760727553585334
-1.2063493230431028,-2.7886136904902368
-1.2375187504846012,-2.816781505545694
-1.2690030206275285,-2.8452338439855493
-1.3008053137011928,-2.8739735797833834
-1.332928842058429,-2.9030036159428114
-1.3653768505000823,-2.9323268847907187
-1.3981526166027622,-2.9619463482734534
-1.4312594510499135,-2.9918649982560135
-1.4647006979662278,-3.022085856824256
-1.4984797352554344,-3.052611976590158
-1.5325999749415018,-3.0834464410001594
-1.5670648635132869,-3.114592364646626
-1.6018778822726656,-3.1460528935824503
-1.6370425476861796,-3.1778312056388387
-1.672562411740234,-3.2099305107463016
-1.7084410622998851,-3.2423540512588906
-1.74468212347125,-3.275105102281708
-1.7812892559675781,-3.3081869720017254
-1.8182661574790207,-3.341603002021945
-1.8556165630461339,-3.375356567698934
-0.21756936023151158,-1.8950531278108795
-0.23875111128097343,-1.914195078596848
-0.260146819411743,-1.9335303824210586
-0.2817586458064598,-1.9530609923445037
-0.30358877347789087,-1.9727888811560643
-0.3256394074894374,-1.9927160415717822
-0.3479127751778683,-2.0128444864361437
-0.3704111263783036,-2.0331762489253977
-0.3931367336514702,-2.053713382752927
-0.41609189251325485,-2.0744579623766937
-0.43927892166657295,-2.0954120832087817
-0.462700163235581,-2.1165778618270523
-0.48635798300225597,-2.137957436188942
-0.5102547706453615,-2.159552965847416
-0.5343929399818319,-2.181366632169107
-0.5587749292105899,-2.2034006385546534
-0.5834032011588305,-2.225657210661266
-0.6082802435307905,-2.2481385966275416
-0.6334085691590331,-2.270847067300547
-0.6587907162582681,-2.2937849164651993
-0.6844292486817378,-2.316954461075959
-0.7103267561801919,-2.340358041490868
-0.736485854663479,-2.3639980217079475
-0.7629091864647791,-2.3878767896039874
-0.7895994206075064,-2.411996757175745
-0.8165592530749077,-2.436360360783581
-0.8437914070823838,-2.4609700613975565
-0.8712986333525616,-2.485828344846017
-0.8990837103931452,-2.5109377220666835
-0.9271494447775733,-2.5363007293602866
-0.9554986714285106,-2.561919928646754
-0.984134253904205,-2.5877979077239943
-1.0130590846877345,-2.6139372805292873
-1.0422760854791786,-2.6403406874033206
-1.071788207490738,-2.6670107953568896
-1.1015984317448388,-2.6939502983402925
-1.1317097693752436,-2.721161917515447
-1.1621252619312077,-2.7486484015307546
-1.1928479816847068,-2.776412526798742
-1.2238810319407667,-2.804457097776507
-1.2552275473509282,-2.832784947248997
-1.2868906942298795,-2.861398936615149
-1.3188736708752844,-2.890301956176918
-1.351179707890845,-2.9194969254312304
-1.3838120685126234,-2.9489867933648792
-1.4167740489386622,-2.978774538752403
-1.4500689786619336,-3.008863170456973
-1.4837002208066523,-3.039255727734316
-1.5176711724679846,-3.0699552805397134
-1.5519852650551886,-3.1009649298380944
-1.586645964638223,-3.132287807917267
-1.6216567722978539,-3.1639270787043103
-1.657021224479299,-3.195885938085162
-1.6927428933494457,-3.2281676142274365
-1.7288253871576746,-3.2607753679065015
-1.76527235060033,-3.29371249283485
-1.802087465188871,-3.326982315994798
-0.2064427611516566,-1.8849980189813762
-0.22751212231142307,-1.9040384030114912
-0.24879430530108612,-1.9232711141530214
-0.2702914598360992,-1.942698095104062
-0.2920057573462135,-1.9623213081859212
-0.3139393911948138,-1.9821427355413346
-0.33609457690047073,-2.0021643793346815
-0.3584735523607304,-2.022388261954224
-0.3810785780781641,-2.0428164262163877
-0.4039119373887031,-2.0634509355721087
-0.426975936692278,-2.0842938743152613
-0.4502729056857878,-2.105347347793193
-0.4738051975984244,-2.126613482619387
-0.49757518942937007,-2.1480944268882696
-0.5215852821879011,-2.1697923503921914
-0.5458379011359127,-2.1917094448405976
-0.5703354960328938,-2.2138479240814117
-0.59508054138338,-2.2362100243246585
-0.6200755366869009,-2.2587980043683418
-0.6453230066904577,-2.281614145826608
-0.6708255016435452,-2.30466075336021
-0.696585597555755,-2.327940154909303
-0.7226058964569769,-2.351454701928589
-0.7488890266602316,-2.3752067696248376
-0.7754376430271556,-2.399198757196806
-0.8022544272361696,-2.423433088077582
-0.8293420880533555,-2.4479122101793758
-0.8567033616060685,-2.4726385961407837
-0.8843410116593138,-2.4976147435765492
-0.9122578298949153,-2.522843175329848
-0.9404566361935024,-2.548326439727119
-0.9689402789193478,-2.5740671108354736
-0.9977116352080808,-2.6000677887227006
-1.0267736112573058,-2.6263310997198994
-1.0561291426201598,-2.6528596966867672
-1.08578119450183,-2.6796562592795627
-1.115732762059073,-2.7067234942217806
-1.1459868707027527,-2.7340641355775563
-1.1765465764034395,-2.761680945027835
-1.2074149660000928,-2.7895767121493282
-1.2385951575118634,-2.817754254696291
-1.2700903004530462,-2.8462164188851427
-1.3019035761512108,-2.8749660796819625
-1.3340381980685483,-2.9040061410928915
-1.3664974121264652,-2.933339536457466
-1.3992844970334517,-2.962969228744915
-1.4324027646162665,-2.9928982108534496
-1.4658555601544632,-3.0231295059125753
-1.499646262718298,-3.0536661675884598
0.0498650848272212,-1.6533725899822043
0.03138469180865571,-1.6700733232143476
0.012717628153538935,-1.6869427507215633
-0.006137991700114372,-1.7039825764864276
-0.02518407236037034,-1.7211945217034623
-0.04442253767376016,-1.7385803249529923
-0.0638553309196085,-1.75614174237676
-0.08348441500632399,-1.7738805478553132
-0.10331177266967284,-1.791798533187185
-0.12333940667305546,-1.8098975082698838
-0.14356934000980573,-1.828179301282711
-0.1640036161075333,-1.8466457588714253
-0.18464429903453067,-1.865298746334773
-0.2054934737082655,-1.884140147812902
-0.2265532461059775,-1.9031718664776789
-0.2478257434774037,-1.9223958247249282
-0.26931311455965234,-1.9418139643686143
-0.29101752979424694,-1.9614282468369841
-0.31294118154636263,-1.981240653370691
-0.3350862843262777,-2.0012531852229203
-0.3574550750130603,-2.0214678638615355
-0.3800498130805174,-2.041886731173268
-0.40287278082542405,-2.062511849669968
-0.42592628359805673,-2.0833453026969373
-0.4492126500350595,-2.104389194643371
-0.4727342322946582,-2.12564565115492
-0.49649340629425287,-2.1471168193484043
-0.5204925719504093,-2.1688048680286913
-0.5447341534212744,-2.190711987907769
-0.5692205993514408,-2.2128403918260293
-0.5939543831192858,-2.2351923149757873
-0.6189380030868064,-2.257770015127058
-0.6441739828519785,-2.2805757728556144
-0.6696648715036675,-2.303611891773348
-0.6954132438791106,-2.3268806987609576
-0.7214217008240029,-2.3503845442029876
-0.747692869455207,-2.37412580222524
-0.7742294034261202,-2.3981068709345856
-0.8010339831947194,-2.4223301726611974
-0.8281093162943145,-2.4467981542032295
-0.8554581376070372,-2.4715132870739693
-0.8830832096400902,-2.496478067751484
-0.9109873228047903,-2.521695017930792
-0.9391732956984269,-2.547166684778578
-0.9676439753889686,-2.572895641190483
-0.9964022377026472,-2.5988844860509928
-1.025450987514444,-2.6251358444959525
-1.0547931590415116,-2.65165236817773
-1.0844317161395594,-2.6784367355330607
-1.114369652602234,-2.7054916520535968
-1.1446099924635211,-2.7328198505591885
-1.1751557903032055,-2.760424091473928
-1.2060101315554117,-2.7883071631049776
0.37535914140118815,-1.35922357475136
0.360166567135895,-1.3729531058094544
0.3448205325244877,-1.386821318999449
0.3293194874624602,-1.4008296151509585
0.3136618661876848,-1.4149794092433925
0.2978460871222552,-1.4292721305488814
0.2818705527127302,-1.443709222776648
0.26573364926876564,-1.4582921442188364
0.24943374680011468,-1.4730223678978145
0.23296919885198225,-1.4879013817149642
0.21633834233871735,-1.502930688600974
0.19953949737582338,-1.5181118066676504
0.1825709671102739,-1.5334462693612632
0.1654310375491128,-1.5489356256174376
0.14811797738632396,-1.5645814400176137
0.13063003782795132,-1.5803852929470845
0.11296545241545373,-1.5963487807546308
0.09512243684727442,-1.6124735159137684
0.07709918879860844,-1.6287611271856246
0.058893887739349754,-1.6452132597834592
0.04050469475019955,-1.6618315755388477
0.021929752336916557,-1.6786177530695432
0.003167184242691227,-1.6955734879490336
-0.01578490474137472,-1.7127004928778118
-0.03492842896770404,-1.7300004978563757
-0.05426532212561243,-1.7474752503599755
-0.07379753743663087,-1.7651265155151268
-0.09352704785180092,-1.7829560762779058
-0.11345584625096282,-1.8009657336140463
-0.1335859456440555,-1.8191573066808548
-0.15391937937445213,-1.8375326330109645
-0.17445820132434767,-1.8560935686979438
-0.1952044861222221,-1.8748419885837817
-0.21616032935239826,-1.8937797864482644
-0.2373278477667175,-1.912908875200267
-0.25870917949835315,-1.9322311870709767
-0.2803064842777832,-1.9517486738090675
-0.30212194365094486,-1.971463306877846
-0.32415776119959305,-1.99137707765439
-0.3464161627638842,-2.011491997630697
-0.3688993966672086,-2.031810098616866
-0.3916097339432939,-2.0523334329463294
-0.414549468565602,-2.073064073683161
-0.43772091767904475,-2.094004114831476
-0.46112642183403724,-2.1151556715469453
-0.4847683452229187,-2.13652088035045
-0.5086490759187586,-2.158101899343889
-0.5327710261165768,-2.179900908428171
1.0176204159153435,-0.778811989336391
1.0089153292714053,-0.7866787771074656
1.0001223124593466,-0.7946250273812784
0.991240477295651,-0.8026515428093721
0.9822689266252513,-0.810759134150881
0.9732067542309083,-0.8189486203544252
0.964053044741673,-0.8272208286408335
0.954806873540425,-0.8355765945867005
0.9454673066704776,-0.8440167622087884
0.936033400741238,-0.8525421840492812
0.9265042028329149,-0.8611537212619002
0.9168787504002655,-0.869852243698889
0.907156071175367,-0.8786386299988778
0.8973351830694091,-0.8875137676756341
0.8874150940734918,-0.8964785532077112
0.8773948021584238,-0.9055338921290013
0.8672732951735067,-0.9146806991202033
0.8570495507442976,-0.9239198981012154
0.8467225361693388,-0.93325242232446
0.8362912083158451,-0.9426792144691516
0.8257545135143364,-0.9522012267365167
0.8151113874522062,-0.9618194209459765
0.8043607550662163,-0.9715347686322995
0.7935015304339033,-0.9813482511437368
0.78253261666389,-0.9912608597411483
0.7714529057850887,-1.0012735956981296
0.7602612786347844,-1.011387470402151
0.7489566047455881,-1.0216035054567183
0.7375377422312485,-1.031922732784564
0.7260035376713093,-1.0423461947318828
0.7143528259946034,-1.052874944173619
0.7025844303615668,-1.0635100446198171
0.6906971620453684,-1.0742525703230477
0.6786898203118346,-1.0851036063869168
0.666561192298164,-1.0960642488756736
0.654310052890416,-1.1071356049249228
0.6419351645997614,-1.1183187928534575
0.6294352774374842,-1.1296149422762196
0.6168091287887191,-1.1410251942184038
0.6040554432849161,-1.1525507012307108
0.591172932675014,-1.1641926275057686
0.578160295695315,-1.1759521489957259
0.5650162179380434,-1.1878304535310362
0.5517393717185769,-1.1998287409404407
0.5383284159413381,-1.2119482231721623
0.5247819959643293,-1.2241901244163256
0.5110987434623,-1.2365556812286118
0.497277276288533,-1.2490461426551636
0.4833161983352332,-1.261662770358751
0.469214099392506,-1.2744068387462133
0.454969555005913,-1.2872796350971851
0.44058112633258667,-1.3002824596941265
0.4260473599958935,-1.313416625953663
0.4113667879386276,-1.3266834605592557
0.3965379272747227,-1.3400843035952077
0.38155928013946533,-1.3536205086820279
0.366429333538195,-1.3672934431131596
0.35114655919347765,-1.3811044879930905
0.3357094133907327,-1.3950550383768592
0.32011633682230356,-1.409146503410969
0.30436575442995084,-1.4233803064757262
0.28845607524575617,-1.4377578853290165
0.2723856922314181,-1.452280692251532
0.25615298211592513,-1.4669501941934666
0.23975630523158892,-1.4817678729226935
0.22319400534842096,-1.496735225174438
0.2064644095068371,-1.5118537628024626
0.18956582784867174,-1.5271250129317804
0.17249655344648435,-1.5425505181129096
0.15525486213114367,-1.5581318364776864
0.13783901231766812,-1.573870541896653
0.12024724482930907,-1.5897682241380333
0.10247778271985548,-1.6058264890283165
0.08452883109414486,-1.622046958614461
0.06639857692676025,-1.6384312713277385
0.04808518887889707,-1.6549810821492308
0.02958681711337866,-1.6716980627770008
0.010901593107804452,-1.6885839017949504
-0.007972370534189676,-1.7056403048433844
1.6445461099609613,-0.21225916970133904
1.6421736060851606,-0.21440320171852428
1.639777137523746,-0.216568890624772
1.6373564622091858,-0.21875645517653738
1.6349113356288216,-0.22096611633993676
1.6324415108001713,-0.22319809731306745
1.629946738245979,-0.22545262354855297
1.627426765969017,-0.22772992277631612
1.624881339426631,-0.23003022502658194
1.6223102015050292,-0.23235376265311306
1.6197130924933103,-0.23470077035667986
1.6170897500572303,-0.23707148520876753
1.6144399092127053,-0.23946614667552277
1.6117633022990436,-0.24188499664194218
1.6090596589519104,-0.24432827943630525
1.6063287060760187,-0.2467962418548538
1.6035701678175418,-0.24928913318672102
1.600783765536252,-0.25180720523911215
1.5979692177773739,-0.25435071236273954
1.5951262402431532,-0.2569199114775147
1.5922545457641426,-0.25951506209849967
1.5893538442701922,-0.26213642636212087
1.5864238427611517,-0.26478426905264735
1.5834642452772723,-0.26745885762893673
1.580474752869313,-0.27016046225145124
1.5774550635683446,-0.2728893558095467
1.5744048723552448,-0.2756458139490371
1.5713238711298916,-0.27843011510003746
1.5682117486800398,-0.28124254050508835
1.5650681906498867,-0.28408337424756397
1.5618928795083176,-0.28695290328036765
1.5586854945168336,-0.2898514174549168
1.5554457116971532,-0.292779209550421
1.552173203798486,-0.2957365753034556
1.5488676402644785,-0.29872381343783394
1.5455286871998246,-0.30174122569478173
1.542156007336538,-0.3047891168634159
1.5387492599998847,-0.30786779481153126
1.5353081010739722,-0.3109775705166982
1.5318321829669899,-0.314118758097675
1.5283211545760986,-0.31729167484613635
1.5247746612519661,-0.32049664125872357
1.5211923447629434,-0.32373398106941775
1.5175738432588803,-0.32700402128224015
1.5139187912345737,-0.330307092204283
1.51022681949285,-0.3336435274790737
1.5064975551072706,-0.3370136641202765
1.5027306213844631,-0.3404178425457338
1.4989256378260718,-0.34385640661185235
1.4950822200903227,-0.3473297036483357
1.4911999799532027,-0.3508380844932684
1.4872785252692429,-0.354381903528554
1.4833174599319099,-0.3579615187157111
1.4793163838335937,-0.3615772916320314
1.4752748928251935,-0.36522958750710244
0.8593132390666846,-0.9218742027117871
0.8490090900303359,-0.9311860633452395
0.8386008586804886,-0.9405919831770095
0.8280874936806428,-0.9500929123000097
0.817467933074738,-0.9596898104040502
0.8067411041798846,-0.969383646872778
0.7959059234780127,-0.9791754008815939
0.7849612965064248,-0.9890660614965595
0.773906117747245,-0.9990566277743026
0.7627392705157504,-1.009148108862932
0.7514596268475741,-1.0193415241039716
0.7400660473847696,-1.0296379031353249
0.7285573812607246,-1.0400382859952777
0.7169324659839116,-1.0505437232275532
0.7051901273204642,-1.0611552759874274
0.6933291791755677,-1.0718740161489166
0.6813484234736519,-1.0827010264130472
0.6692466500373736,-1.0936374004172194
0.6570226364653751,-1.1046842428456762
0.6446751480088111,-1.115842669541087
0.6322029374466253,-1.1271138076172595
0.6196047449595687,-1.1384987955729895
0.6068792980029459,-1.1499987834070602
0.5940253111780744,-1.1616149327344043
0.5810414861024468,-1.1733484169034387
0.5679265112785804,-1.1852004211145846
-0.535139889062937,-2.182041650137015
-0.559529423231908,-2.2040824748858734
-0.5841653163318792,-2.226345934228155
-0.6090500568369003,-2.2488342769981364
-0.6341861583571237,-2.2715497747455924
-0.6595761598927028,-2.2944947219652447
-0.6852226260902574,-2.31767143632853
-0.7111281475019288,-2.341082258917707
-0.7372953408470515,-2.3647295544623304
-0.7637268492764686,-2.3886157115781117
-0.7904253426395158,-2.4127431430081936
-0.8173935177537053,-2.4371142858668624
-0.8446340986771289,-2.46173160188572
-0.8721498369836175,-2.4865975776623435
-0.8999435120406764,-2.511714724911458
-0.9280179312902309,-2.5370855807186445
-0.9563759305322049,-2.5627127077966105
-0.9850203742109667,-2.588598694744051
-1.0139541557046654,-2.614746156307122
-1.0431801976174924,-2.6411577336435577
-1.0727014520748934,-2.667836094589452
-1.1025209010217631,-2.6947839339287394
-1.1326415565236516,-2.722003973665393
-1.163066461071014,-2.749498963298377
-1.1937986878865317,-2.777271680099371
-1.224841341235539,-2.805324929393304
-1.2561975567395869,-2.833661544841721
-1.2878705016931709,-2.862284388729011
-1.3198633753836597,-2.8911963522515265
-1.3521794094144564,-2.9204003558096225
-1.3848218680314224,-2.949899349302649
-1.4177940484526008,-2.9796963124269182
-1.4510992812012655,-3.009794254976685
-1.484740930442341,-3.0401962171481665
-1.5187223943222152,-3.070905269846633
-1.5530471053119874,-3.101924514996599
-1.5877185305541814,-3.1332570858551505
-1.6227401722129633,-3.164906147328435
-1.6581155678278943,-3.1968748962913485
-1.693848290671259,-3.229166561910453
-1.7299419501090012,-3.2617844059701544
-1.766400191965306,-3.294731723202176
-1.8032266988908667,-3.3280118416183595
-1.8404251907348679,-3.361628122846828
-1.877999424920727,-3.395583962471543
-1.9159531968256354,-3.429882790375296
-1.9542903401639267,-3.4645280710861575
-1.993014727374322,-3.4995233041274316
-2.0321302700110846,-3.534872024371143
-2.0716409191391283,-3.570577802395094
-2.1115506657331116,-3.606644244843529
-2.1518635410805693,-3.643074994791444
-2.1925836171891127,-3.6798737321125694
-2.233715007197742,-3.71704417385108
-2.2752618657923174,-3.7545900745970506
-2.317228389625222,-3.792515226865708
-2.3596188177392667,-3.830823461480513
-2.4024374319958777,-3.8695186479601142
-2.445688557507606,-3.908604694909206
-2.489376563075008,-3.9480855504133396
-2.5335058616279396,-3.987965202437717
-0.9312006612697643,-2.539961814156144
-0.9595908092994105,-2.5656179940971153
-0.9882677265010733,-2.5915333273708234
-1.017234309533056,-2.6177104316877005
-1.0464934843128366,-2.6441519511996976
-1.0760482063126153,-2.6708605567673716
-1.1059014608578461,-2.6978389462296684
-1.1360562634287863,-2.725089844676433
-1.1665156599650894,-2.7526160047236696
-1.1972827271734763,-2.7804202067915855
-1.2283605728385136,-2.80850525938544
-1.2597523361365313,-2.8368739993792325
-1.2914611879527103,-2.865529292302255
-1.3234903312013762,-2.89447403262854
-1.3558430011495235,-2.9237111440692325
-1.3885224657436117,-2.9532435798679115
-1.4215320259396607,-2.9830743230989007
-1.45487501603668,-3.013206386968587
-1.4885548040134668,-3.0436428151197847
-1.5225747918688073,-3.0743866819391767
-1.5569384159651107,-3.1054410928678555
-1.5916491473755179,-3.1368091847150055
-1.6267104922345155,-3.168494125974753
-1.6621259920920888,-3.2004991171462156
-1.6978992242714552,-3.2328273910567833
-1.7340338022304114,-3.26548221318867
-1.7705333759263269,-3.2984668820087575
-1.8074016321848274,-3.3317847293017753
-1.8446422950722017,-3.365439120506844
-0.6542128960056584,-2.289647939792315
-0.6798051878205155,-2.312775696759914
-0.7056559876335028,-2.3361370674342568
-0.7317679066365201,-2.3597344115497543
-0.7581435823971436,-2.3835701126765194
-0.7847856791250463,-2.4076465784611307
-0.8116968879411095,-2.431966240869829
-0.8388799271492542,-2.4565315564341708
-0.8663375425110164,-2.4813450064991622
-0.8940725075228972,-2.506409097473901
-0.9220876236965148,-2.5317263610847487
-0.9503857208415826,-2.557299354631059
-0.9789696573517525,-2.5831306612434943
-1.0078423204933382,-2.609222890144944
-1.0370066266969602,-2.635578676914085
-1.0664655218521337,-2.662200683751601
-1.0962219816048342,-2.689091599749092
-1.1262790116580674,-2.7162541411606993
-1.1566396480754741,-2.743691051677474
-1.1873069575880064,-2.7714051027045192
-1.2182840379036957,-2.7993990936409285
-1.2495740180205532,-2.827675852162554
-1.2811800585426318,-2.8562382345076305
-1.3131053519992768,-2.8850891257652833
-1.3453531231676048,-2.9142314401669527
-0.2601874621628311,-1.9335671112797501
-0.2817996990903871,-1.9530980922017678
-0.3036302414414539,-1.9728263557593615
-0.3256812943213193,-1.9927538947064258
-0.34795508510906203,-2.0128827219256826
-0.3704538636825395,-2.0332148706320026
-0.3931799026456482,-2.0537523945777805
-0.4161354975578793,-2.0744973682603844
-0.43932296716619357,-2.0954518871317016
-0.4627446536392379,-2.1166180678097994
-0.48640292280392944,-2.1379980482927268
-0.510300164384426,-2.1595939881744717
-0.5344387922435132,-2.1814080688631026
-0.5588212446264296,-2.2034424938011137
-0.5834499844071533,-2.2256994886879937
-0.6083274993371774,-2.2481813017050443
-0.6334563022967978,-2.270890203742469
-0.6588389315489396,-2.293828488628757
-0.6844779509955471,-2.3169984733623807
-0.7103759504365652,-2.3404024983458394
-0.7365355458315327,-2.36404292762206
-0.7629593795638233,-2.387922149113192
-0.7896501207075509,-2.41204257486181
-0.8166104652971745,-2.4364066412745555
-0.8438431365998251,-2.461016809368238
-0.8713508853903812,-2.4858755650184223
-0.8991364902293264,-2.5109854192105274
-0.9272027577434127,-2.536348908293462
-0.9555525229091565,-2.5619685942358204
0.24385758092671073,-1.478061549619564
0.22733670807076628,-1.4929914642621858
0.2106489577112265,-1.5080721861234199
0.19379264421674183,-1.5233052385085049
0.17676606492938352,-1.5386921601096009
0.15956749999265799,-1.554234505161213
0.1421952121777837,-1.5699338435971848
0.1246474467082137,-1.5857917612092776
0.10692243108238535,-1.6018098598073511
0.08901837489467995,-1.6179897573811628
0.07093346965457362,-1.6343330882638007
0.052665888603961014,-1.6508415032967685
0.034213786532635196,-1.6675166699967359
0.015575299591901985,-1.6843602727239757
-0.0032514548936871104,-1.7013740128525008
-0.02226837861650426,-1.71855960894192
-0.04147739247793587,-1.7359187969110303
-0.060880436782412256,-1.753453330213162
-0.08047947143339851,-1.7711649800132951
-0.10027647613136434,-1.7890555353669648
-0.1202734505737541,-1.8071268034009746
-0.14047241465697596,-1.825380609495934
-0.16087540868043246,-1.8438187974706404
-0.18148449355261065,-1.8624432297683235
0.8875172000252252,-0.896386280047741
0.877497939483407,-0.9054406869169102
0.8673774742896515,-0.9145865524413234
0.8571547821747468,-0.9238248004457812
0.8468288305435299,-0.9331563640866477
0.8363985763705837,-0.9425821859461088
0.8258629660948802,-0.9521032181273826
0.8152209355133616,-0.9617204223508916
0.804471409673444,-0.9714347700514057
0.7936133027644361,-0.9812472424761673
0.7826455180078625,-0.9911588307840075
0.7715669475466771,-1.0011705361454621
0.7603764723333585,-1.0112833698439012
0.7490729620168751,-1.021498353377678
0.7376552748285079,-1.0318165185633112
0.726122257466521,-1.0422389076397083
0.7144727449796654,-1.0527665733734428
0.7027055606495083,-1.0634005791650938
0.690819515871572,-1.0741419991566603
0.6788134100352725,-1.084991918340061
0.666686030402647,-1.0959514326667281
0.6544361519858535,-1.1070216491583111
0.6420625374234357,-1.118203686018496
0.6295639368553368,-1.1294986727459557
0.6169390877966512,-1.1409077502484402
0.6041867150100999,-1.1524320709580205
0.5913055303772199,-1.1640727989474955
0.5782942327682502,-1.1758311100479752
0.5651515079107051,-1.1877081919676518
0.5518760282566191,-1.1997052444117695
0.5384664528484514,-1.2118234792038076
0.5249214271836355,-1.2240641204078866
0.511239583077761,-1.2364284044524108
0.4974195385263725,-1.2489175802549604
0.48345989756537405,-1.2615329093484449
0.46935925013002217,-1.2742756660085302
0.45511617191249487,-1.2871471373823538
0.440729224218023,-1.3001486236185391
0.4261969538195666,-1.3132814379985243
0.41151789281102474,-1.3265469070692164
0.3966905584589622,-1.3399463707769863
0.3817134530528385,-1.3534811826030164
0.36658506375372346,-1.3671527097000167
0.35130386244148626,-1.3809623330303198
0.3358683055604386,-1.3949114475053734
0.3202768339634207,-1.4090014621266398
0.30452787275431165,-1.423233800127919
0.2886198311289489,-1.4376098991191102
0.27255110221444123,-1.4521312112314244
0.2563200629068576,-1.466799203264065
0.2399250737072781,-1.481615356832389
0.22336447855618788,-1.4965811685175647
0.20663660466619763,-1.5116981500177422
0.1897397623530762,-1.5269678283007497
0.17267224486507474,-1.5423917457583332
0.15543232821052774,-1.5579714603619528
0.13801827098371278,-1.5737085458201543
0.12042831418895004,-1.5896045917375297
0.10266068106292722,-1.6056612037752824
0.08471357689522727,-1.6218800038134167
0.06658518884704545,-1.6382626301145624
0.04827368576807408,-1.654810737489457
0.02977721801153733,-1.671525997464098
0.011093917247358833,-1.6884100984485837
-0.007778103726559007,-1.7054647459076604
-0.026840751174960674,-1.7226916625329902
-0.046095950617790746,-1.7400925884171619
-0.06554564702468992,-1.7576692812294565
-0.08519180501145665,-1.7754235163933905
-0.10503640903849368,-1.793357087266051
-0.1250814636112584,-1.8114718053192433
-0.145328993482738,-1.829769500322468
-0.1657810438579698,-1.8482520205277455
-0.18643968060062813,-1.8669212328563085
-0.2073069904416972,-1.8857790230871803
-0.22838508119025192,-1.9048272960476569
-0.2496760819463677,-1.924067975805714
-0.27118214331618173,-1.9435030058643576
-0.2929054376291251,-1.963134349357937
-0.31484815915735076,-1.9829639892504414
-0.33701252433737666,-2.0029939285357994
-0.3594007719939687,-2.0232261904402016
-0.38201516356628346,-2.043662818626466
-0.40485798333629835,-2.0643058774004706
-0.4279315386595459,-2.085157451919667
-0.45123816019818,-2.1062196484037043
-0.4747802021563959,-2.127494594347176
-0.4985600425182304,-2.148984438734521
-0.5225800832877602,-2.170691352257092
-0.5468427507317296,-2.1926175275324162
-0.5713504956246279,-2.214765179325673
-0.5961057934962424,-2.237136544773407
-0.6211111448817115,-2.259733883609502
-0.6463690755741045,-2.282559478393436
-0.6718821368795521,-2.3056156347408443
-0.6976529058749537,-2.3289046815564083
-0.7236839856682885,-2.352428971269099
-0.7499780056615564,-2.3761908800697973
-0.7765376218163723,-2.4001928081513104
-0.8033655169222468,-2.4244371799508184
-0.8304644008675746,-2.448926444394766
-0.8578370109133605,-2.4736630751462285
-0.8854861119697097,-2.4986495708547762
-0.9134144968751129,-2.5238884554088648
-0.9416249866785508,-2.5493822781907727
-0.9701204309244474,-2.575133614334114
-0.9989037079405048,-2.6011450649839536
-1.0279777251284412,-2.627419257559549
-1.0573454192576701,-2.6539588460197465
-1.087009756761942,-2.6807665111310572
-1.116973734038984,-2.707844960738442
-1.147240377753168,-2.73519693003883
-1.1778127451412324,-2.762825181857404
-1.2086939243210952,-2.7907325069266706
-1.2398870346037851,-2.818921724168354
-1.271395226808523,-2.847395680978136
-1.3032216835809851,-2.8761572535132687
-1.335369619714785,-2.9052093469830997
-1.3678422824761993,-2.934554895942525
-1.4006429519321733,-2.964196864588409
-1.4337749412816416,-2.994138247058999
-1.467241597190196,-3.024382067736363
-1.5010463001281298,-3.054931381551882
-1.5351924647119006,-3.08578927429483
-1.5696835400490432,-3.1169588629240708
-1.604523010086561,-3.1484432958829
0.03684844254856317,-1.6651357310612775
0.018236568294859715,-1.6819552839002803
-0.0005633046886793429,-1.6989447312124044
-0.01955307537912272,-1.7161057891034388
-0.03873466193512619,-1.7334401910135746
-0.05811000189068531,-1.7509496878924997
-0.077681052350846,-1.7686360483762624
-0.09744979018939202,-1.7865010589659216
-0.11741821224852951,-1.8045465242080017
-0.13758833554058766,-1.8227742668767695
-0.1579621974517574,-1.841186128158353
-0.17854185594788852,-1.8597839678367203
-0.1993293897823644,-1.8785696644815357
-0.22032689870607727,-1.8975451156379148
-0.24153650367952476,-1.9167122380180959
-0.26296034708704735,-1.9360729676950463
-0.28460059295323176,-1.9556292602980265
-0.3064594271614989,-1.9753830912101278
-0.3285390576749001,-1.995336455767806
-0.35084171475914383,-2.0154913694624303
-0.3733696512078747,-2.035849868143869
-0.39612514257022896,-2.05641400822613
-0.4191104873806881,-2.077185866895081
-0.4423280073912528,-2.0981675423182637
-0.4657800478059647,-2.119361153856832
-0.48946897751779506,-2.1407688422796287
-0.5133971893479266,-2.162392769979423
-0.537567100287453,-2.1842351211913362
-0.5619811517415204,-2.206298102213471
-0.586641809775932,-2.228583941629769
-0.6115515653662467,-2.25109489053512
-0.6367129346493928,-2.2738332227627476
0.6436007684600096,-1.116813586459173
0.631117705579149,-1.1280945317769424
0.6185085511540371,-1.1394894260373156
0.6057720315327122,-1.1509994202397127
0.5929068601980404,-1.162625677009811
0.5799117376377659,-1.1743693707169807
0.5667853512132462,-1.1862316875929098
0.5535263750268626,-1.198213825851424
0.5401334697880914,-1.2103169958095192
0.5266052826782216,-1.2225424200096153
0.5129404472137065,-1.2348913333430458
0.4991375831081357,-1.2473649831747937
0.4851952961328117,-1.2599646294694886
0.4711121779759188,-1.2726915449186753
0.45688680610026927,-1.285547015069369
0.44251774359961316,-1.2985323384539083
0.4280035390534959,-1.3116488267211195
0.4133427263806502,-1.3248978047688076
0.39853382469090726,-1.3382806108775833
0.38357533813561123,-1.3517985968460438
0.36846575575652424,-1.365453128127317
0.3532035513332042,-1.3792455839669868
0.3377871832288405,-1.393177357542411
0.3222150942345336,-1.4072498561034454
0.30648571141200137,-1.4214645011145914
0.2905974459346962,-1.4358227283985772
0.2745486929273173,-1.450325988281391
0.25833783130370214,-1.4649757457387789
0.24196322360308078,-1.479773480544221
0.22542321582467542,-1.4947206874184051
0.20871613726062963,-1.5098188761802072
0.19184030032725,-1.5250695718991991
0.17479400039454338,-1.540474315049696
0.15757551561403152,-1.5560346616663596
0.14018310674482753,-1.5717521835013735
0.12261501697795488,-1.5876284681832056
0.10486947175889166,-1.6036651193769753
0.08694467860832264,-1.6198637569464398
0.06883882694108133,-1.636226017117616
0.05055008788326189,-1.6527535526440564
0.03207661408748456,-1.6694480329737944
0.013416539546295373,-1.6863111444179741
-0.005432020596319865,-1.703344590321186
-0.024470970235325365,-1.7205500912335212
-0.043702232496947026,-1.737929385084365
-0.0631277499329284,-1.7554842273579443
-0.08274948471674813,-1.773216391270651
-0.10256941884181849,-1.7911276679501524
-0.12258955432168742,-1.8092198666163155
-0.14281191339226226,-1.8274948147639551
-0.1632385387160751,-1.8459543583474294
-0.18387149358861332,-1.8646003619671003
-0.20471286214673276,-1.883434709057677
-0.2257647495791767,-1.9024593020784617
-0.2470292823392211,-1.921676062705517
1.3550903865027386,-0.473840339275842
1.3497940874404917,-0.47862660532913337
1.3444442904079186,-0.48346121750417514
1.3390404550214812,-0.4883446641456315
1.3335820354392214,-0.4932774385309409
1.3280684803056253,-0.49826003892014237
1.3224992326959326,-0.5032929686062044
1.3168737300598792,-0.5083767359658631
1.3111914041648756,-0.5135118545109728
1.3054516810386096,-0.5186988429403766
1.299653980911068,-0.5239382251922996
1.2937977181559757,-0.5292305304972723
1.28788230123164,-0.5345762934315882
1.2819071326212,-0.5399760539713012
1.2758716087722703,-0.5454303575467689
1.2697751200359781,-0.5509397550977464
1.2636170506053799,-0.5565048031290367
1.2573967784532605,-0.5621260637667037
1.2511136752693013,-0.5678041048148522
1.2447671063966153,-0.573539499812982
1.2383564307676393,-0.5793328280939213
1.2318810008393812,-0.5851846748423447
1.2253401625280091,-0.5910956311538835
1.2187332551427847,-0.5970662940948318
1.212059611319326,-0.6030972667624563
1.2053185569521958,-0.6091891583459155
1.198509411126812,-0.6153425841877934
1.191631486050666,-0.621558165846256
1.1846840869838526,-0.6278365311578343
1.1776665121688894,-0.6341783143008428
1.1705780527598355,-0.6405841558594372
1.1634179927506905,-0.6470547028883203
1.1561856089030689,-0.6535906089781014
1.1488801706731482,-0.6601925343213145
1.1415009401378748,-0.6668611457791056
1.134047171920427,-0.6735971169485915
1.1265181131149242,-0.6804011282309005
1.1189130032103758,-0.6872738668998994
1.1112310740138622,-0.6942160271716156
1.1034715495729395,-0.7012283102743592
1.0956336460972598,-0.7083114245195548
1.0877165718794017,-0.7154660853732876
1.0797195272148985,-0.7226930155285733
1.0716417043214612,-0.7299929449783569
1.0634822872573828,-0.7373666110892494
1.0552404518391219,-0.7448147586760094
1.0469153655580503,-0.7523381400767772
1.0385061874963617,-0.7599375152290679
1.0300120682421308,-0.7676136517465333
1.0214321498035137,-0.7753673249964983
1.0127655655220824,-0.7831993181782811
1.004011439985283,-0.7911104224023042
0.995168888938011,-0.7991014367700042
0.9862370191932918,-0.8071731684545498
0.9772149285420603,-0.8153264327823735
0.9681017056620284,-0.8235620533155288
0.9588964300256326,-0.8318808619348775
0.949598171807051,-0.8402836989241187
0.9402059917882817,-0.8487714130546653
0.9307189412642722,-0.8573448616713791
0.921136061947091,-0.8660049107791709
0.9114563858691301,-0.8747524351304756
0.9016789352853313,-0.8835883183136117
0.8918027225744234,-0.8925134528420321
0.8818267501391629,-0.9015287402444768
0.8717500103055663,-0.9106350911560372
0.8615714852211254,-0.9198334254101387
0.8512901467519932,-0.9291246721314532
0.8409049563791323,-0.9385097698297508
0.8304148650934143,-0.9479896664946977
0.8198188132896588,-0.9575653196916138
0.8091157306596026,-0.9672376966581958
0.7983045360837885,-0.977007774402218
0.7873841375223599,-0.9868765398002202
0.7763534319047554,-0.996844989697192
0.765211305018286,-1.0069141310072647
0.7539566313955897,-1.017084980815419
0.7425882742009471,-1.0273585664802212
0.7311050851154495,-1.037735925737597
0.7195059042210072,-1.0482181068056537
0.7077895598831869,-1.0588061684905594
0.6959548686328634,-1.0695011802934944
0.684000635046678,-1.0803042225186812
0.6719256516262888,-1.0912163863825062
0.6597286986764007,-1.1022387741237436
0.6474085441815641,-1.1133724991148926
0.6349639436817293,-1.124618685974639
0.6223936401465425,-1.1359784706814535
0.609696363848374,-1.147453000688337
0.5968708322340626,-1.1590434350387242
0.5839157497953641,-1.1707509444835598
0.5708298079380928,-1.1825767115995554
0.5576116848499402,-1.1945219309086417
0.5442600453669576,-1.206587808998628
0.5307735408386925,-1.2187755646450786
0.5171508089919601,-1.2310864289344228
0.5033904737932404,-1.2435216453883058
0.4894911453096852,-1.2560824700891977
0.4754514195687203,-1.2687701718072704
0.4612698784162304,-1.281586032128556
0.44694508937331145,-1.2945313455843999
0.4324756054915751,-1.307607419782222
0.4178599652069928,-1.320815575537598
0.4030966921922632,-1.334157147007675
0.3881842952076879,-1.3476334818259343
0.3731212679505411,-1.3612459412383175
0.3579060889029181,-1.3749959002407248
0.34253722117804647,-1.3888847477179038
0.3270131123650448,-1.4029138865837412
0.31133219437211385,-1.4170847339229709
0.29549288326814316,-1.431398721134314
0.2794935791227181,-1.4458572940750647
0.263332665844511,-1.4604619132071361
0.24700851101803928,-1.475214053744582
0.23051946573877496,-1.490115205802608
0.2138638644465887,-1.5051668745480888
0.19704002475751153,-1.520370580351605
0.18004624729379723,-1.5357278589410153
0.16288081551226785,-1.551240261556581
0.14554199553092492,-1.5669093551076576
0.12802803595381074,-1.5827367223309674
0.11033716769409967,-1.598723961950472
0.0924676037954015,-1.6148726888388607
0.0744175392512619,-1.6311845341806674
0.05618515082283816,-1.6476611456370378
1.714326604731888,-0.14919852879367695
1.712658954338622,-0.15070558464007774
1.7109744589918887,-0.1522278632728058
1.709272948540643,-0.1537655184573796
1.7075542511151423,-0.15531870551250465
1.7058181931095862,-0.15688758132576228
1.7040645991645795,-0.15847230436945683
1.7022932921494218,-0.16007303471662307
1.7005040931442115,-0.16168993405719503
1.6986968214217772,-0.16332316571433841
1.6968712944294193,-0.1649728946609479
1.695027327770472,-0.166639287536311
1.6931647351856765,-0.1683225126629404
1.6912833285343682,-0.17002274006357618
1.6893829177754707,-0.17174014147835978
1.6874633109483015,-0.1734748903821816
1.685524314153181,-0.17522716200220365
1.6835657315318473,-0.17699713333555925
1.681587365247672,-0.17878498316723157
1.6795890154656765,-0.1805908920881127
1.677570480332348,-0.18241504251324514
1.6755315559552484,-0.18425761870024762
1.6734720363824203,-0.1861188067679269
1.6713917135815841,-0.18799879471507766
1.6692903774191232,-0.1898977724394724
1.6671678156388599,-0.1918159317570428
2.810683197286949,0.8415790461837346
2.820089855909391,0.8500798446300349
2.8295915312855953,0.8586665097273081
2.8391891831807503,0.8673399088154627
2.848883781054645,0.8761009179954169
2.858676304159588,0.8849504222175928
2.8685677416393296,0.8938893153713059
2.8785590926289673,0.9029185003750565
2.8886513663558735,0.9120388892677338
2.8988455822416377,0.9212514033007412
2.9091427700050363,0.9305569730310517
2.919543969766045,0.9399565384152038
2.930050232150901,0.9494510489042463
2.9406626183982314,0.9590414635396427
2.9513822004662416,0.9687287510501441
2.9622100611409996,0.9785138899496405
2.9731472941458055,0.9883978686360005
2.98419500425167,0.9983816854909097
2.9953543073889075,1.0084663489807169
3.0066263307598535,1.0186528777583
3.0180122129527285,1.0289423007659595
3.029513104056643,1.039335657339353
3.0411301657777687,1.049833997312478
1.8794239936652146,0.0
1.8794239936652146,0.0