-0.17336134788658847,-0.7926681074805818,0
-0.18785747072953557,-0.8006748560409918,0
-0.20250001905574477,-0.8087624808494867,0
-0.2172904719105014,-0.8169317988378653,0
-0.23223032327894252,-0.8251836351897629,0
-0.24732108223696395,-0.833518823424003,0
-0.2625642731036521,-0.8419382054787908,0
-0.27796143559525627,-0.8504426317967584,0
-0.2935141249807151,-0.859032961410867,0
-0.3092239122387544,-0.8677100620311788,0
-0.3250923842165717,-0.8764748101325038,0
-0.3411211437901247,-0.8853280910429332,0
-0.35731181002603685,-0.8942707990332659,0
-0.37366601834514,-0.9033038374073393,0
-0.39018542068766854,-0.9124281185932721,0
-0.40687168568012133,-0.9216445642356283,0
-0.42372649880381125,-0.9309541052885135,0
-0.440751562565114,-0.9403576821096096,0
-0.45794859666744003,-0.9498562445551612,0
-0.4753193381849411,-0.9594507520759203,0
-0.4928655417379726,-0.969142173814061,0
-0.5105889796703276,-0.9789314887010717,0
-0.5284914422282619,-0.9888196855566381,0
-0.5465747377413269,-0.9988077631885234,0
-0.5648406928050289,-1.008896730493458,0
-0.5832911524653339,-1.0190876065590484,0
-0.601927980405036,-1.0293814207667156,0
-0.6207530591320076,-1.0397792128956722,0
-0.6397682901693528,-1.0502820332279517,0
-0.6589755942474791,-1.0608909426544966,0
-0.6783769114981121,-1.0716070127823198,0
-0.6979742016502666,-1.0824313260427474,0
-0.7177694442282001,-1.0933649758007549,0
-0.7377646387513654,-1.104409066465409,0
-0.7579618049363808,-1.115564713601423,0
-0.7783629829010429,-1.1268330440418415,0
-0.7989702333703985,-1.13821519600186,0
-0.8197856378848994,-1.1497123191937981,0
-0.8408112990106579,-1.1613255749432305,0
-0.8620493405518278,-1.1730561363062935,0
-0.8835019077651307,-1.1849051881881751,0
-0.9051711675765477,-1.196873927462803,0
-0.9270593088002015,-1.2089635630937405,0
-0.9491685423594476,-1.2211753162563035,0
-0.9715011015102013,-1.2335104204609126,0
-0.9940592420665181,-1.2459701216776895,0
-1.0168452426284544,-1.2585556784623126,0
-1.0398614048122286,-1.2712683620831442,0
-1.0631100534827076,-1.2841094566496407,0
-1.0865935369882418,-1.2970802592420614,0
-1.1103142273978721,-1.3101820800424862,0
-1.1342745207409333,-1.3234162424671578,0
-1.1584768372490757,-1.3367840833001594,0
-1.1829236216007346,-1.3502869528284438,0
-1.207617343168067,-1.363926214978226,0
-1.2325604962663823,-1.3777032474527535,0
-1.257755600406095,-1.3916194418714682,0
-1.2832052005472188,-1.405676203910574,0
-1.3089118673564348,-1.4198749534450241,0
-1.334878197466754,-1.4342171246919435,0
-1.3611068137398037,-1.4487041663554985,0
-1.3876003655307632,-1.4633375417732308,0
-1.4143615289559746,-1.4781187290638695,-1.4781187290638695
-0.18165808600823638,-0.797250704960702,0
-0.19623801428675558,-0.8053037423845475,0
-0.21096521456808823,-0.8134381236207551,0
-0.22584117444822205,-0.821654670323995,0
-0.24086739654936742,-0.8299542124484798,0
-0.2560453986717364,-0.8383375883317977,0
-0.27137671394685664,-0.8468056447795936,0
-0.2868628909924328,-0.8553592371511047,0
-0.3025054940687721,-0.8639992294455603,0
-0.3183061032367917,-0.8727264943894548,0
-0.3342663145176195,-0.8815419135247018,0
-0.35038774005380935,-0.8904463772976786,0
-0.366672008272183,-0.8994407851491704,0
-0.38312076404831774,-0.9085260456052225,0
-0.39973566887269646,-0.9177030763689117,0
-0.4165184010185335,-0.9269728044130421,0
-0.43347065571129817,-0.9363361660737799,0
-0.45059414529994946,-0.9457941071452323,0
-0.4678905994299002,-0.9553475829749821,0
-0.48536176521772917,-0.964997558560588,0
-0.5030094074276575,-0.9747450086470586,0
-0.5208353086498073,-0.9845909178253117,0
-0.5388412694802617,-0.994536280631628,0
-0.5570291087029428,-1.0045821016481091,0
-0.5754006634733276,-1.0147293956041505,0
-0.5939577895040196,-1.02497918747894,-1.02497918747894
2.6842157236623145,0.7856781408072188,0
2.6985840156834975,0.7936142836436553,0
2.7130974419675216,0.8016305895390458,0
2.72775746851704,0.8097278682212583,0
2.7425655761428165,0.8179069375972307,0
2.7575232606132976,0.8261686238355865,0
2.7726320328057033,0.8345137614500874,0
2.787893418858638,0.8429431933839266,0
2.803308960326249,0.8514577710948754,0
2.818880214333937,0.8600583546412883,0
2.8346087537356413,0.8687458127689781,0
2.850496167272717,0.8775210229989678,0
2.866544059734409,0.8863848717161291,0
2.8827540521199566,0.8953382542587163,0
2.899127781802328,0.9043820750088043,0
2.915666902693613,0.9135172474836407,0
2.932373085412082,0.92274469442792,0
2.94924801745094,0.9320653479069899,0
2.966293403348776,0.9414801494009999,0
2.9835109648617415,0.9509900498999999,0
3.0009024411374647,0.96059601,0
3.0184695888907203,0.9702989999999999,0
3.0362141825808773,0.9801,0
3.0541380145911368,0.99,0
3.0722428954095813,1.0,1.0
0.8344254827820073,-0.23602990545390737,0
0.8301090248953087,-0.23841404591303775,0
0.8257489664238961,-0.24082226859902803,0
0.8213448669578225,-0.24325481676669497,0
0.8168962816385564,-0.2457119361279747,0
0.8124027611140451,-0.24819387487674213,0
0.8078638514933267,-0.25070088371388094,0
0.8032790943006818,-0.253233215872607,0
0.7986480264293233,-0.2557911271440475,0
0.7939701800946178,-0.2583748759030783,0
0.7892450827868345,-0.2609847231344225,0
0.784472257223417,-0.26362093245901264,0
0.7796512213007729,-0.2662837701606188,0
0.774781488045577,-0.26897350521274627,0
0.7698625655655812,-0.2716904093058043,0
0.7648939569999288,-0.27443475687454977,0
0.7598751604689667,-0.27720682512580785,0
0.7548056690235506,-0.28000689406647256,0
0.7496849705938373,-0.2828352465317905,0
0.7445125479375612,-0.2856921682139298,0
0.7392878785877873,-0.28857794769083817,0
0.7340104348001371,-0.29149287645539207,0
0.7286796834994802,-0.29443724894484047,0
0.7232950862260893,-0.29741136257054596,0
0.7178560990812501,-0.3004155177480262,0
0.7123621726723216,-0.3034500179272992,0
0.7068127520572424,-0.30651516962353453,0
0.7012072766884755,-0.30961128244801467,0
0.6955451803563877,-0.31273866913940873,0
0.6898258911320565,-0.3158976455953624,0
0.6840488313094999,-0.3190885309044064,0
0.6782134173473214,-0.3223116473781883,0
0.6723190598097674,-0.3255673205840286,0
0.6663651633071874,-0.3288558793778067,0
0.6603511264358948,-0.33217765593717846,0
0.6542763417174172,-0.33553298579512975,0
0.6481401955371369,-0.33892220787386845,0
0.6419420680823082,-0.34234566451905907,0
0.635681333279451,-0.3458037015344031,0
0.6293573587311104,-0.3492966682165688,0
0.6229695056519785,-0.35282491739047356,0
0.6165171288043705,-0.3563888054449228,0
0.6099995764330493,-0.35998869236860886,0
0.6034161901993915,-0.3636249417864736,0
0.5967663051148887,-0.367297920996438,0
0.5900492494739767,-0.371008001006503,0
0.5832643447861869,-0.37475555657222526,0
0.5764109057076113,-0.37854096623457095,0
0.5694882399716764,-0.3823646123581525,0
0.562495648319217,-0.386226881169851,0
0.5554324244278436,-0.3901281627978293,0
0.5482978548405978,-0.3940688513109387,0
0.541091218893885,-0.39804934475852394,0
0.5338117886446802,-0.4020700452106302,0
0.5264588287969985,-0.4061313587986164,0
0.519031596627623,-0.4102336957561782,0
0.511529341911082,-0.41437747046078605,0
0.503951306843869,-0.4185631014755415,0
0.49629672596789626,-0.42279101159145605,0
0.48856482609317636,-0.4270616278701576,0
0.4807548262197219,-0.4313753816870279,0
0.47286593745865674,-0.43573270877477566,0
0.46489736295253037,-0.44013404926745014,0
0.45684829779482694,-0.4445798477448991,0
0.4487179289486619,-0.44907055327767587,0
0.44050543516465673,-0.4536066194723999,0
0.4322099868979849,-0.45818850451757565,0
0.42383074622457895,-0.4628166712298744,0
0.41536686675649215,-0.46749158710088323,0
0.4068174935564045,-0.4722137243443265,0
0.3981817630512654,-0.4769835599437642,0
0.3894588029450643,-0.4818015757007719,0
0.38064773213071984,-0.486668258283608,0
0.37174766060107894,-0.4915840992763717,0
0.3627576893590174,-0.49654959522865827,0
0.35367691032663207,-0.5015652477057154,0
0.3445044062535154,-0.5066315633391065,0
0.33523925062410476,-0.5117490538778854,0
0.3258805075640939,-0.5169182362402883,0
0.3164272317459013,-0.5221396325659478,0
0.3068784682931814,-0.5274137702686341,0
0.2972332526843735,-0.5327411820895294,0
0.28749061065527454,-0.5381224061510398,0
0.277649558100629,-0.5435579860111514,0
0.2677091009747245,-0.5490484707183347,0
0.25766823519098264,-0.5545944148670048,0
0.24752594652053622,-0.5601963786535402,0
0.23728121048978226,-0.565854927932869,0
0.22693299227689945,-0.5715706342756253,0
0.2164802466073209,-0.5773440750258841,0
0.20592191764815063,-0.583175833359479,0
0.19525693890151413,-0.589066498342908,0
0.18448423309683062,-0.5950166649928365,0
0.17360271208199887,-0.6010269343361985,0
0.1626112767134819,-0.6070979134709076,0
0.15150881674528302,-0.6132302156271794,0
0.14029421071679923,-0.6194244602294742,0
0.12896632583954296,-0.6256812729590648,0
0.11752401788271837,-0.6320012858172372,0
0.10596613105764319,-0.6383851371891285,0
0.09429149790100147,-0.6448334719082106,0
0.08249893915691887,-0.6513469413214249,0
0.07058726365784564,-0.6579262033549746,0
0.05855526820423632,-0.6645719225807825,0
0.04640173744301475,-0.6712847702836187,0
0.03412544374481118,-0.6780654245289077,0
0.02172514707995906,-0.6849145702312199,0
0.009199594893239757,-0.6918328992234545,0
-0.003452478022638284,-0.6988211103267217,0
-0.016232349654838468,-0.705879909420931,0
-0.029141310899484997,-0.713010009516092,0
-0.04218066569205732,-0.7202121308243353,0
-0.05535173113909999,-0.7274870008326619,0
-0.06865583765126437,-0.7348353543764262,0
-0.08209432907769304,-0.7422579337135619,0
-0.09566856284176235,-0.7497554885995574,0
-0.10937991007819596,-0.7573287763631893,0
-0.12322975577156331,-0.7649785619830195,0
-0.13721949889617688,-0.7727056181646662,0
-0.15135055255740268,-0.7805107254188548,0
-0.16562434413439836,-0.7883946721402574,0
-0.18004231542429291,-0.7963582546871286,0
-0.19460592278782285,-0.8044022774617461,0
-0.20931663729643887,-0.8125275529916627,0
-0.2241759448808995,-0.8207349020117805,0
-0.23918534648136494,-0.829025153547253,0
-0.2543463581990068,-0.8373991449972253,0
-0.2696605114491501,-0.8458577222194196,0
-0.2851293531159613,-0.8544017396155753,0
-0.3007544457087,-0.8630320602177528,0
-0.31653736751954725,-0.871749555775508,0
-0.3324797127830293,-0.8805551068439474,0
-0.3485830918370515,-0.8894496028726742,0
-0.36484913128555874,-0.8984339422956304,0
-0.38127947416283875,-0.9075090326218489,0
-0.3978757800994853,-0.9166757905271201,0
-0.4146397254900374,-0.925935141946586,0
-0.43157300366231227,-0.9352880221682687,0
-0.44867732504844837,-0.9447353759275441,0
-0.46595441735767695,-0.9542781575025698,0
-0.4834060257508371,-0.9639173308106767,0
-0.5010339130166553,-0.973653869505734,0
-0.5188398597498051,-0.983488757076499,0
-0.5368256645307644,-0.9934229869459585,0
-0.554993144107491,-1.0034575625716753,0
-0.5733441335789321,-1.0135934975471468,0
-0.5918804865803875,-1.0238318157041886,0
-0.6106040754707467,-1.0341735512163521,0
-0.6295167915216144,-1.044619748703386,0
-0.6486205451083497,-1.0551714633367535,0
-0.6679172659030318,-1.0658297609462157,0
-0.6874089030693772,-1.0765957181274906,0
-0.7070974254596251,-1.0874704223510006,0
-0.7269848218134111,-1.0984549720717178,0
-0.7470731009586492,-1.109550476840119,0
-0.7673642920144456,-1.1207580574142617,0
-0.7878604445960578,-1.1320788458729916,0
-0.8085636290219287,-1.1435139857302945,0
-0.8294759365228084,-1.1550646320508025,0
-0.85059947945299,-1.1667319515664671,0
-0.8719363915036786,-1.1785171227944113,0
-0.8934888279185154,-1.190421336155971,0
-0.9152589657112798,-1.2024457940969404,0
-0.9372490038857896,-1.2145917112090308,0
-0.9594611636580214,-1.2268603143525563,0
-0.981897688680478,-1.23925284278036,0
-1.004560845268818,-1.25177054826299,0
-1.0274529226307776,-1.2644146952151414,0
-1.0505762330974036,-1.2771865608233752,0
-1.0739331123566216,-1.2900874351751266,0
-1.0975259196891647,-1.3031186213890167,0
-1.1213570382068856,-1.3162814357464816,0
-1.145428875093472,-1.329577207824729,0
-1.1697438618475997,-1.3430072806310394,0
-1.1943044545285366,-1.3565730107384235,0
-1.2191131340042307,-1.37027576842265,0
-1.2441724062019015,-1.3841169378006566,0
-1.269484802361165,-1.3980979169703602,0
-1.2950528792897136,-1.412220118151879,0
-1.320879219621581,-1.4264849678301808,0
-1.3469664320780128,-1.4408939068991724,0
-1.3733171517309741,-1.4554483908072449,0
-1.399934040269319,-1.4701498897042877,0
-1.4268197862676473,-1.4849998885901896,0
-1.4539771054578776,-1.499999887464838,-1.499999887464838
0.33539264612523684,-0.5116643278293296,0
0.32603545251473254,-0.5168326543730601,0
0.31658374179705134,-0.5220531862354143,0
0.3070365592539389,-0.5273264507428428,0
0.29739294052352233,-0.5326529805483261,0
0.28765191150289954,-0.5380333136851779,0
0.27781248824974525,-0.5434679936213919,0
0.26787367688292285,-0.5489575693145372,0
0.257834473482092,-0.5545025952672094,0
0.24769386398630328,-0.5601036315830398,0
0.23745082409156715,-0.5657612440232725,0
0.2271043191473894,-0.5714760040639116,0
0.21665330405226038,-0.577248488953446,0
0.20609672314808955,-0.5830792817711576,0
0.19543351011357366,-0.5889689714860178,0
0.18466258785648687,-0.5949181530161796,0
0.17378286840488408,-0.6009274272890702,0
0.16279325279720444,-0.6069974013020911,0
0.15169263097126545,-0.6131286881839304,0
0.14047988165213504,-0.6193219072564954,0
0.12915387223887212,-0.62557768409747,0
0.11771345869012169,-0.6318966506035051,0
0.10615748540855553,-0.6382794450540455,0
0.0944847851241453,-0.6447267121758036,0
0.08269417877625622,-0.6512391032078824,0
0.0707844753945501,-0.6578172759675579,0
0.05875447197868528,-0.6644618949167251,0
0.046602953376801586,-0.6711736312290153,0
0.03432869216277765,-0.6779531628575912,0
0.021930448512248336,-0.6848011746036275,0
0.009406970077370421,-0.6917183581854823,0
-0.003243008139677995,-0.698705412308568,0
-0.01602076391447448,-0.7057630427359273,0
-0.028927587929420313,-0.7128919623595225,0
-0.04196478390411324,-0.720092891272245,0
-0.05513366872703522,-0.7273665568406514,0
-0.0684355725885726,-0.7347136937784358,0
-0.08187183911537799,-0.7421350442206421,0
-0.09544382550609062,-0.7496313577986284,0
-0.10915290266842662,-0.7572033917157863,0
-0.12300045535765487,-0.7648519108240266,0
-0.1369878823164713,-0.772577687701037,0
-0.1511165964162859,-0.7803815027283202,0
-0.16538802479993706,-0.7882641441700204,0
-0.17980360902584716,-0.7962264082525459,0
-0.19436480521363514,-0.8042690992449958,0
-0.20907308419119888,-0.8123930295403998,0
-0.22392993164328343,-0.8205990197377776,0
-0.23893684826155065,-0.8288878987250279,0
-0.25409534989616406,-0.8372605037626545,0
-0.2694069677089048,-0.8457176805683378,0
-0.2848732483278349,-0.8542602834023615,0
-0.30049575400352185,-0.8628891751539005,0
-0.316276062766842,-0.8716052274281824,0
-0.3322157685883774,-0.8804093206345276,0
-0.34831648153942335,-0.8893023440752804,0
-0.36457982795462135,-0.8982851960356368,0
-0.3810074505962354,-0.9073587838743806,0
-0.39760100882008803,-0.916524024115536,0
-0.41436217874317155,-0.9257818425409455,0
-0.4312926534129528,-0.9351331742837834,0
-0.4483941429783884,-0.9445789639230135,0
-0.46566837486266677,-0.9541201655788015,0
-0.4831170939376953,-0.9637577430088904,0
-0.5007420627003506,-0.9734926697059499,0
-0.5185450614505075,-0.9833259289959091,0
-0.536527888470868,-0.993258514137282,0
-0.5546923602086057,-1.0032914284214969,0
-0.5730403114588459,-1.0134256852742394,0
-0.5915735955499977,-1.0236623083578176,0
-0.610294084530959,-1.0340023316745632,0
-0.629203669360213,-1.044446799671276,0
-0.6483042600968332,-1.0549967673447234,0
-0.6675977860934189,-1.0656533003482054,0
-0.6870861961909803,-1.0764174750991973,0
-0.70677145891579,-1.0872903788880781,0
-0.726655562678224,-1.0982731099879577,0
-0.7467405159736117,-1.1093667777656138,0
-0.7670283475851147,-1.1205725027935494,0
-0.7875211067886527,-1.131891416963181,0
-0.8082208635599033,-1.1433246635991727,0
-0.8291297087833889,-1.154873397574922,0
-0.8502497544636771,-1.166538785429214,0
-0.8715831339387159,-1.1783220054840544,0
-0.8931320020953207,-1.1902242479636913,0
-0.9148985355868409,-1.2022467151148397,0
-0.936884933053023,-1.214390621328121,0
-0.9590934153420958,-1.2266571932607284,0
-0.9815262257350984,-1.2390476699603317,0
-1.0041856301724748,-1.251563302990234,0
-1.0270739174829562,-1.264205356555792,0
-1.0501933996147557,-1.2769751076321132,0
-1.0735464118690983,-1.2898738460930437,0
-1.097135313136111,-1.3029028748414582,0
-1.1209624861330936,-1.3160635099408668,0
-1.1450303376451973,-1.3293570807483504,0
-1.1693412987685345,-1.3427849300488388,0
-1.1938978251557435,-1.3563484141907463,0
-1.2187023972640358,-1.3700489032229761,0
-1.243757520605745,-1.3838877810333092,0
-1.2690657260014107,-1.397866445488191,0
-1.2946295698354164,-1.4119863085739304,0
-1.3204516343142103,-1.4262487965393236,0
-1.3465345277271332,-1.4406553500397208,0
-1.3728808847098841,-1.4552074242825463,0
-1.3994933665106422,-1.4699064891742892,0
-1.4263746612588826,-1.484754029468979,0
-1.4535274842369035,-1.4997515449181607,-1.4997515449181607
0.8257489736661251,-0.2408222645988751,0
0.8213448742732055,-0.24325481272613647,0
0.8168962890278322,-0.2457119320466025,0
0.8124027685779601,-0.24819387075414392,0
0.8078638590326347,-0.2507008795496403,0
0.8032791019161445,-0.25323321166630336,0
0.7986480341217098,-0.2557911228952559,0
0.7939701878647052,-0.2583748716113696,0
0.7892450906354076,-0.26098471879936325,0
0.7844722651512686,-0.2636209280801649,0
0.7796512293087039,-0.2662837657375403,0
0.7747814961343962,-0.2689735007449902,0
0.7698625737361056,-0.2716904047929194,0
0.7648939652529836,-0.2744347523160802,0
0.7598751688053857,-0.27720682052129314,0
0.7548056774441759,-0.2800068894154476,0
0.7496849790995194,-0.28283524183378544,0
0.7445125565291593,-0.28569216346847015,0
0.7392878872661692,-0.2885779428974446,0
0.7340104435661794,-0.2914928716135804,0
0.7286796923540684,-0.29443724405412164,0
0.7232950951701178,-0.2974113576304259,0
0.7178561081156223,-0.300415512758006,0
0.7123621817979501,-0.30345001288687473,0
0.7068127612750489,-0.3065151645321967,0
0.7012072859993911,-0.3096112773052492,0
0.6955451897613529,-0.3127386639446961,0
0.6898259006320214,-0.3158976403481779,0
0.684048840905424,-0.31908852560422013,0
0.6782134270401741,-0.3223116420244648,0
0.6723190696005276,-0.32556731517622706,0
0.6663651731968444,-0.32885587391538085,0
0.6603511364254471,-0.33217765041957664,0
0.6542763518078741,-0.33553298022179456,0
0.6481402057295177,-0.3389222022442369,0
0.6419420783776425,-0.3423456588325625,0
0.6356813436787785,-0.3458036957904672,0
0.6293573692354817,-0.3492966624146133,0
0.6229695162624544,-0.35282491152991247,0
0.616517139522023,-0.3563887995251641,0
0.6099995872589609,-0.3599886863890547,0
0.6034162011346557,-0.3636249357465199,0
0.59676631616061,-0.36729791489547464,0
0.590049260631271,-0.3710079948439138,0
0.5832643560561812,-0.37475555034738767,0
0.576410917091444,-0.3785409599468562,0
0.5694882514704973,-0.38236460600692546,0
0.5624956599341875,-0.38622687475447015,0
0.555432436160137,-0.39012815631764663,0
0.5482978666913993,-0.39406884476529963,0
0.5410912308643916,-0.3980493381467673,0
0.5338118007361009,-0.40207003853208817,0
0.5264588410105548,-0.4061313520526143,0
0.5190316089645486,-0.41023368894203466,0
0.511529354372623,-0.4143774635778128,0
0.5039513194312842,-0.41856309452304324,0
0.4962967386824571,-0.42279100456873053,0
0.48856483893616703,-0.4270616207764955,0
0.4807548391924397,-0.43137537452171265,0
0.47286595056241215,-0.4357327015370835,0
0.46489737618864685,-0.44013404195665,0
0.45684831116464153,-0.44457984036025255,0
0.44871794245352514,-0.4490705458184369,0
0.4405054488059327,-0.4536066119378151,0
0.43221000067705145,-0.45818849690688396,0
0.423830760142828,-0.46281666354230705,0
0.4153668808153296,-0.4674915793356637,0
0.4068175077572504,-0.4722137165006704,0
0.3981817773955542,-0.4769835520208792,0
0.38945881743424493,-0.4818015676978578,0
0.3806477467662558,-0.4866682501998564,0
0.37174767538444853,-0.49158409111096607,0
0.3627577042917139,-0.49654958698077384,0
0.3536769254101638,-0.501565239374519,0
0.34450442148940624,-0.5066315549237566,0
0.33523926601389353,-0.5117490453775319,0
0.3258805231093352,-0.5169182276540726,0
0.31642724744816514,-0.5221396238930026,0
0.3068784841540539,-0.5274137615080835,0
0.2972332687054567,-0.5327411732404884,0
0.2874906268381868,-0.5381223972126146,0
0.2776495744470053,-0.5435579769824389,0
0.2677091174862158,-0.5490484615984231,0
0.2576682518692566,-0.5545944056549729,0
0.24752596336727778,-0.5601963693484574,0
0.23728122750669306,-0.5658549185337953,0
0.22693300946569828,-0.5715706247816115,0
0.21648026396974407,-0.5773440654359712,0
0.20592193518595187,-0.5831758236726982,0
0.1952569566164649,-0.5890664885582809,0
0.18448425099072047,-0.5950166551093746,0
0.17360273015663522,-0.6010269243529036,0
0.16261129497069052,-0.6070979033867713,0
0.1515088351869079,-0.6132302054411831,0
0.14029422934470326,-0.619424449940589,0
0.12896634465560772,-0.6256812625662515,0
0.1175240368888444,-0.6320012753194459,0
0.10596615025575028,-0.6383851265852989,0
0.09429151729302891,-0.6448334611972716,0
0.08249895874482548,-0.6513469305022945,0
0.07058728344360986,-0.6579261924265601,0
0.05855528818985676,-0.6645719115419799,0
0.04640175763051009,-0.6712847591333131,0
0.03412546413622062,-0.6780654132659728,0
0.021725167677342287,-0.684914558854518,0
0.00919961569867737,-0.6918328877318364,0
-0.0034524570070447796,-0.6988210987190266,0
-0.016232328426966064,-0.7058798976959865,0
-0.029141289457189575,-0.7130099976727136,0
-0.04218064403317306,-0.7202121188613269,0
-0.055351709261439154,-0.727486988748815,0
-0.06865581555261713,-0.7348353421705203,0
-0.082094306755827,-0.7422579213843639,0
-0.09566854029442289,-0.749755476145822,0
-0.10937988730310566,-0.7573287637836587,0
-0.12322973276642149,-0.7649785492764228,0
-0.13721947565865972,-0.77270560532972,0
-0.15135052908516305,-0.7805107124542626,0
-0.16562432042506542,-0.7883946590447097,0
-0.18004229147547188,-0.7963582414593028,0
-0.19460589859709446,-0.8044022641003058,0
-0.2093166128613597,-0.8125275394952584,0
-0.2241759201990014,-0.8207348883790488,0
-0.23918532155015468,-0.829025139776817,0
-0.254346333015966,-0.8373991310876939,0
-0.2696604860117349,-0.8458577081693878,0
-0.2851293274216027,-0.854401725423624,0
-0.30075441975480244,-0.8630320458824485,0
-0.31653734130348915,-0.8717495412954026,0
-0.33247968630216257,-0.8805550922175784,0
-0.34858306508870135,-0.8894495880985641,0
-0.36484910426702327,-0.898433927372287,0
-0.381279446871389,-0.9075090175477647,0
-0.39787575253236424,-0.9166757753007724,0
-0.4146396976444605,-0.9259351265664367,0
-0.4315729755354668,-0.9352880066327643,0
-0.44867729663749345,-0.9447353602351155,0
-0.4659543886597426,-0.9542781416516318,0
-0.48340599676302465,-0.9639173147996282,0
-0.5010338837360366,-0.9736538533329577,0
-0.5188398301734225,-0.9834887407403613,0
-0.5368256346556306,-0.9934229704448094,0
-0.5549931139305883,-1.003457545903848,0
-0.573344103097212,-1.0135934807109575,0
-0.5918804557907714,-1.0238317986979368,0
-0.6106040443701243,-1.03417353403832,0
-0.6295167601068444,-1.0446197313518384,0
-0.6486205133762586,-1.0551714458099377,0
-0.6679172338504145,-1.0658297432423613,0
-0.6874088706929962,-1.0765957002448094,0
-0.7070973927562101,-1.0874704042876864,0
-0.7269847887796583,-1.0984549538259458,0
-0.7470730675912225,-1.1095504584100464,0
-0.767364258309974,-1.1207580387980267,0
-0.7878604105511371,-1.1320788270687139,0
-0.8085635946331198,-1.1435139667360745,0
-0.8294759017866379,-1.1550646128647217,0
-0.8505994443659491,-1.1667319321865877,0
-0.871936356062223,-1.1785171032187753,0
-0.8934887921190654,-1.1904213163826014,0
-0.9152589295502195,-1.20244577412384,0
-0.9372489673594656,-1.2145916910341816,0
-0.9594611267627448,-1.2268602939739208,0
-0.9818976514125217,-1.2392528221958796,0
-1.0045608076244175,-1.2517705274705855,0
-1.0274528846061308,-1.2644146742127127,0
-1.0505761946886691,-1.2771865396088007,0
-1.0739330735599197,-1.2900874137462632,0
-1.0975258805005774,-1.3031185997437003,0
-1.1213569986224539,-1.3162814138825256,0
-1.1454288351091972,-1.3295771857399248,0
-1.1697438214594433,-1.3430072583231563,0
-1.1943044137324192,-1.3565729882052084,0
-1.2191130927960312,-1.3702757456618266,0
-1.2441723645774576,-1.384116914809926,0
-1.2694847603162722,-1.3980978937474,0
-1.2950528368201253,-1.4122200946943435,0
-1.320879176723007,-1.4264849441357006,0
-1.34696638874612,-1.4408938829653541,0
-1.3733171079613855,-1.4554483666316709,0
-1.3999339960576134,-1.470149865284516,0
-1.4268197416093589,-1.4849998639237536,0
-1.4539770603484956,-1.499999862549246,-1.499999862549246
-0.34327501373841196,-0.886517753637173,0
-0.359487436236428,-0.8954724784213869,0
-0.3758636205778584,-0.9045176549710979,0
-0.3924052209227375,-0.913654196940503,0
-0.40911390813978704,-0.9228830272126293,0
-0.42599136997519066,-0.9322050779925548,0
-0.4430393112230731,-0.9416212909015705,0
-0.46025945389770184,-0.9511326170722935,0
-0.47765353740742783,-0.9607400172447409,0
-0.49522331873038333,-0.9704444618633746,0
-0.5129705725919546,-0.9802469311751258,0
-0.5308970916440466,-0.9901484153284099,0
-0.5490046866461601,-1.0001499144731414,0
-0.5672951866482949,-1.010252438861759,0
-0.5857704391757038,-1.020457008951272,0
-0.6044323104155105,-1.0307646555063352,0
-0.6232826854052143,-1.0411764197033688,0
-0.6423234682230967,-1.051693353235726,0
-0.6615565821805539,-1.0623165184199252,0
-0.6809839700163692,-1.0730469883029548,0
-0.7006075940929505,-1.0838858467706614,0
-0.7204294365945476,-1.0948341886572337,0
-0.7404514997274739,-1.1058931198557915,0
-0.7606758059223493,-1.1170637574300926,0
-0.7811043980383848,-1.1283472297273662,0
-0.801739339569734,-1.1397446764922892,0
-0.8225827148539249,-1.1512572489821102,0
-0.8436366292824008,-1.1628861100829397,0
-0.8649032095131843,-1.1746324344272119,0
-0.8863846036856929,-1.1864974085123352,0
-0.908082981637722,-1.1984822308205407,0
-0.9300005351246201,-1.2105881119399402,0
-0.9521394780406787,-1.2228162746868083,0
-0.9745020466427581,-1.2351679542290994,0
-0.9970904997761715,-1.2476443982112115,0
-1.019907119102852,-1.2602468668800118,0
-1.0429542093318218,-1.272976633212133,0
-1.0662340984519934,-1.2858349830425586,-1.2858349830425586
1.4273752785726577,0.09147835142817629,0
1.4290482125626323,0.09240237517997604,0
1.4307380448757379,0.0933357325050263,0
1.4324449462021072,0.09427851768184475,0
1.4341690889560157,0.09523082594125733,0
1.4359106472932972,0.09619275347601751,0
1.4376697971289347,0.09716439745052274,0
1.4394467161548314,0.09814585601062903,0
1.4412415838577572,0.09913722829356468,0
1.4430545815374805,0.10013861443794413,0
1.4448858923250796,0.10115011559388296,0
1.4467357012014421,0.1021718339332151,0
1.44860419501595,0.10320387265981323,0
1.4504915625053518,0.10424633602001337,0
1.4523979943128282,0.10529932931314483,0
1.4543236830072492,0.10636295890216649,0
1.4562688231026237,0.1074373322244106,0
1.4582336110777494,0.10852255780243494,0
1.4602182453960586,0.10961874525498479,0
1.4622229265256632,0.11072600530806544,0
1.4642478569596078,0.1118444498061267,0
1.4662932412363192,0.1129741917233603,0
1.4683592859602703,0.11411534517511142,0
1.470446199822847,0.11526802542940548,0
1.4725541936234294,0.11643234891859139,0
1.4746834802906847,0.11760843325110241,0
1.4768342749040737,0.11879639722333578,0
1.4790067947155778,0.1199963608316523,0
1.4812012591716426,0.12120844528449727,0
1.4834178899353443,0.12243277301464371,0
1.4856569109087805,0.1236694676915593,0
1.4879185482556856,0.12491865423389828,0
1.4902030304242766,0.12618045882211948,0
1.4925105881703282,0.1274550089112318,0
1.4948414545804813,0.1287424332436685,0
1.4971958650957875,0.13004286186229141,0
1.4995740575354908,0.1313564261235267,0
1.5019762721210497,0.13268325871063302,0
1.504402751500402,0.13402349364710406,0
1.506853740772475,0.13537726631020613,0
1.5093294875119427,0.13674471344465267,0
1.5118302417942333,0.13812597317641684,0
1.5143562562207895,0.13952118502668368,0
1.5169077859445839,0.14093048992594312,0
1.5194850886958908,0.14235403022822538,0
1.5220884248083224,0.14379194972548018,0
1.524718057245122,0.14524439366210118,0
1.5273742516257276,0.14671150874959715,0
1.530057276252602,0.14819344318141126,0
1.5327674021383335,0.14969034664789016,0
1.535504903033012,0.15120237035140421,0
1.538270055451879,0.1527296670216204,0
1.5410631387032598,0.1542723909309297,0
1.543884434916776,0.15583069791003,0
1.5467342290718427,0.1574047453636667,0
1.5496128090264558,0.158994692286532,0
1.5525204655462665,0.16060069927932527,0
1.5554574923339544,0.16222292856497503,0
1.5584241860588917,0.16386154400502528,0
1.561420846387111,0.16551671111618715,0
1.5644477760115754,0.16718859708705774,0
1.567505280682751,0.16887737079500784,0
1.5705936692394942,0.17058320282324024,0
1.573713253640245,0.17230626547802044,0
1.5768643489945386,0.17404673280608127,0
1.5800472735948352,0.1758047806122033,0
1.5832623489486704,0.17758058647697303,0
1.58650989981113,0.17937432977472023,0
1.589790254217655,0.1811861916916366,0
1.593103743517175,0.1830163552440774,0
1.596450702405579,0.18486500529704786,0
1.5998314689595226,0.18673232858287664,0
1.6032463846705767,0.1886185137200774,0
1.606695794479722,0.19052375123240142,0
1.6101800468121923,0.19244823356808224,0
1.6136994936126672,0.194392155119275,0
1.617254490380824,0.1963557122416919,0
1.6208453962072447,0.19833910327443627,0
1.62447257380969,0.20034252856003665,0
1.6281363895697356,0.2023661904646835,0
1.6318372135697816,0.2044102933986702,0
1.6355754196304342,0.2064750438370406,0
1.639351385348265,0.20856065034044505,0
1.643165492133953,0.21066732357620713,0
1.6470181252508094,0.21279527633960316,0
1.6509096738536948,0.21494472357535674,0
1.6548405310283263,0.21711588239935023,0
1.6588110938309844,0.21930897212055578,0
1.6628217633286189,0.22152421426318766,0
1.6668729446393609,0.22376183258907845,0
1.6709650469734434,0.22602205312028126,0
1.6750984836745373,0.22830510416190025,0
1.6792736722615005,0.23061121632515177,0
1.6834910344705545,0.23294062255065837,0
1.6877509962978814,0.23529355813197814,0
1.6920539880426562,0.23767026073937186,0
1.6964004443505099,0.24007097044380996,0
1.7007908042574322,0.24249592974122217,0
1.7052255112341217,0.24494538357699208,0
1.709705013230778,0.24741957937069908,0
1.7142297627223497,0.24991876704111018,0
1.7188002167542404,0.2524431990314244,0
1.7234168369884737,0.25499313033477217,0
1.7280800897503252,0.2575688185199719,0
1.7327904460754275,0.26017052375754735,0
1.7375483817573494,0.2627985088460074,0
1.742354377395654,0.2654530392383913,0
1.7472089184444468,0.2681343830690821,0
1.7521124952614093,0.27084281118089104,0
1.7570656031573308,0.27357859715241517,0
1.7620687424461405,0.2763420173256719,0
1.7671224184954435,0.279133350834012,0
1.7722271417775672,0.2819528796303151,0
1.777383427921127,0.2848008885154698,0
1.7825917977631063,0.2876776651671412,0
1.7878527774014692,0.2905835001688295,0
1.7931668982483007,0.29351868703922174,0
1.7985346970834837,0.29648352226184016,0
1.8039567161089212,0.2994783053149901,0
1.8094335030033026,0.3025033387020102,0
1.814965610977425,0.3055589279818285,0
1.8205535988300743,0.30864538179982676,0
1.8261980310044672,0.31176301191901695,0
1.8318994776452682,0.3149121332515323,0
1.8376585146561781,0.3180930638904366,0
1.8434757237581074,0.3213061251418552,0
1.8493516925479354,0.3245516415574295,0
1.8552870145578622,0.3278299409671005,0
1.8612822893153642,0.3311413545122227,0
1.86733812240375,0.33448621667901285,0
1.8734551255233318,0.33786486533233623,0
1.879633916553212,0.3412776417498346,0
1.8858751196136974,0.3447248906563986,0
1.892179365129339,0.3482069602589885,0
1.8985472898926135,0.35172420228180656,0
1.9049795371282443,0.35527697200182484,0
1.9114767565581743,0.35886562828467156,0
1.9180396044671943,0.36249053362088035,0
1.9246687437692351,0.3661520541625054,0
1.9313648440743267,0.36985055976010645,0
1.9381285817562375,0.3735864240001075,0
1.9449606400207937,0.37736002424253284,0
1.951861708974891,0.3811717416591241,0
1.9588324856962012,0.3850219612718425,0
1.9658736743035852,0.3889110719917601,0
1.972985986028216,0.3928394666583436,0
1.9801701392854183,0.39680754207913493,0
1.9874268597472393,0.4008156990698333,0
1.9947568804157447,0.4048643424947811,0
2.002160941697064,0.4089538813078597,0
2.009639791476174,0.4130847285937977,0
2.0171941851924466,0.41725730160989666,0
2.0248248859159546,0.42147202182817844,0
2.0325326644245485,0.425729314977958,0
2.0403182992817137,0.43002961108884646,0
2.048182576915214,0.43437334453418835,0
2.0561262916965277,0.43876095407493776,0
2.0641502460210868,0.4431928829039775,0
2.0722552503893286,0.44766957869088636,0
2.0804421234885626,0.45219149362715794,0
2.0887116922756674,0.4567590844718767,0
2.097064792060622,0.46137281259785523,0
2.1055022665908787,0.4660331440382376,0
2.1140249681365932,0.4707405495335733,0
2.1226337575767085,0.47549550457936696,0
2.1313295044859157,0.480298489474108,0
2.140113087222489,0.4851499893677859,0
2.1489853930170075,0.49005049431089487,0
2.1579473180619755,0.4950004993039342,0
2.1669997676023476,0.5000005043474083,0.5000005043474083
2.3645935274250767,0.6091388973609835,0
2.3757333124135607,0.615291815516145,0
2.3869856204827364,0.6215068843597424,0
2.3983515882293784,0.6277847316765075,0
2.409832363731037,0.6341259915924318,0
2.4214291066620053,0.64053130463882,0
2.433142988410458,0.6470013178169899,0
2.4449751921967744,0.6535366846636261,0
2.4569269131930533,0.6601380653167941,0
2.4689993586438397,0.6668061265826203,0
2.4811937479880686,0.6735415420026467,0
2.4935113129822395,0.6803449919218654,0
2.505953297824836,0.6872171635574398,0
2.5185209592820046,0.694158751068121,0
2.5312155668144976,0.7011704556243646,0
2.5440384027059046,0.7082529854791562,0
2.556990762192175,0.7154070560395517,0
2.570073953592448,0.7226333899389411,0
2.5832892984412084,0.7299327171100415,0
2.596638131621774,0.7373057748586278,0
2.610121801501134,0.7447533079380079,0
2.623741670066144,0.7522760686242503,0
2.637499113061103,0.7598748167921721,0
2.651395520126718,0.767550319992093,0
2.6654322949404716,0.7753033535273667,0
2.679610855358404,0.7831347005326936,0
2.6939326335583353,0.7910451520532259,0
2.708399076184529,0.7990355071244706,0
2.7230116444938157,0.8071065728530006,0
2.737771814503196,0.8152591644979804,0
2.7526810771389334,0.8234941055535155,0
2.767740938387153,0.8318122278318338,0.8318122278318338
-0.3349331498823163,-0.8819102315331901,0
-0.3510613111292606,-0.890818415690091,0
-0.367352383095871,-0.8998165815051424,0
-0.3838080113449724,-0.9089056378839823,0
-0.40042985806123654,-0.9180865029131134,0
-0.41721960221907917,-0.9273601039526399,0
-0.4341789397522534,-0.9367273777299393,0
-0.45130958372515667,-0.9461892704342821,0
-0.468613264505867,-0.9557467378124062,0
-0.4860917299409279,-0.9654007452650567,0
-0.5037467455318986,-0.9751522679445017,0
-0.5215800946136872,-0.985002290853032,0
-0.5395935785346857,-0.9949518089424566,0
-0.5577890168387246,-1.0050018272146026,0
-0.576168247448865,-1.015153360822831,0
-0.5947331268530474,-1.0254074351745768,0
-0.6134855302916153,-1.0357650860349261,0
-0.6324273519467345,-1.0462273596312386,0
-0.6515605051337232,-1.0567953127588268,0
-0.670886922494318,-1.0674700128877037,0
-0.6904085561918886,-1.0782525382704078,0
-0.7101273781086264,-1.089143978050917,0
-0.7300453800447254,-1.1001454323746636,0
-0.750164573919573,-1.1112580124996603,0
-0.7704869919749744,-1.1224828409087477,0
-0.7910146869804303,-1.1338210514229774,0
-0.811749732440487,-1.1452737893161389,0
-0.8326942228041805,-1.1568422114304433,0
-0.853850273676598,-1.168527486293377,0
-0.8752200220325755,-1.1803307942357344,0
-0.8968056264325529,-1.192253327510843,0
-0.9186092672406106,-1.2042962904149928,0
-0.9406331468447093,-1.2164608994090835,0
-0.9628794898791525,-1.2287483832414985,0
-0.9853505434492971,-1.2411599830722206,0
-1.0080485773585341,-1.2536969525982027,0
-1.0309758843375616,-1.2663605581800028,0
-1.0541347802759728,-1.2791520789696997,0
-1.0775276044561866,-1.2920728070401009,0
-1.1011567197897358,-1.3051240475152535,0
-1.1250245130559469,-1.3183071187022761,0
-1.1491333951430287,-1.3316233522245213,0
-1.1734858012915963,-1.345074093156082,0
-1.1980841913406546,-1.3586607001576587,0
-1.222931049976067,-1.3723845456137966,0
-1.248028886981534,-1.3862470157715117,0
-1.2733802374921066,-1.4002495108803148,-1.4002495108803148
-0.24473957515772954,-0.8320929609148146,0
-0.2599566901953346,-0.8404979403179945,0
-0.2753275134656427,-0.8489878185030247,0
-0.2908535975770651,-0.8575634530333583,0
-0.30653651082092603,-0.8662257101347054,0
-0.32237783732987657,-0.8749754647825307,0
-0.33837917723790745,-0.8838136007904351,0
-0.354542146841979,-0.8927410108994295,0
-0.3708683787652835,-0.9017585968681106,0
-0.38735952212215685,-0.9108672695637481,0
-0.4040172426846551,-0.920067949054291,0
-0.42084322305081495,-0.929361564701304,0
-0.43783916281461277,-0.9387490552538424,0
-0.45500677873764084,-0.9482313689432752,0
-0.47234780492251766,-0.9578094635790658,0
-0.48986399298805,-0.9674843066455211,0
-0.5075571122461633,-0.9772568753995162,0
-0.5254289498806212,-0.9871281569692083,0
-0.5434813111275484,-0.9970991484537458,0
-0.5617160194577779,-1.0071708570239857,0
-0.58013491676104,-1.017344300024228,0
-0.598739863532012,-1.0276205050749778,0
-0.6175327390582462,-1.0380005101767453,0
-0.6365154416099981,-1.0484853638148943,0
-0.6556898886319694,-1.0590761250655498,0
-0.675058016936991,-1.0697738637025755,0
-0.6946217829016593,-1.080579660305632,0
-0.7143831626639505,-1.0914946063693252,0
-0.7343441523228308,-1.1025198044134599,0
-0.7545067681398812,-1.1136563680944038,0
-0.7748730467429624,-1.1249054223175796,0
-0.7954450453319336,-1.1362681033510906,0
-0.8162248418864501,-1.1477455589404957,0
-0.8372145353758604,-1.1593389484247432,0
-0.8584162459712242,-1.1710494428532758,0
-0.8798321152594707,-1.182878225104319,0
-0.9014643064597194,-1.1948264900043626,0
-0.923315004641789,-1.206895444448851,0
-0.9453864169469098,-1.219086307524092,0
-0.9676807728106684,-1.2314003106303961,0
-0.9902003241882023,-1.2438386976064608,0
-1.0129473457816707,-1.256402724855011,0
-1.0359241352700224,-1.269093661469708,0
-1.059133013541085,-1.2819127893633413,0
-1.0825763249259968,-1.2948614033973145,0
-1.1062564374360084,-1.307940811512439,0
-1.130175743001677,-1.3211523348610494,0
-1.1543366577144736,-1.334497307940454,0
-1.1787416220708338,-1.3479770787277314,0
-1.203393101218672,-1.3615930088158903,0
-1.2282935852063877,-1.3753464735514043,0
-1.2534455892343834,-1.3892388621731357,0
-1.2788516539091261,-1.4032715779526623,0
-1.3045143454997756,-1.4174460383360226,0
-1.3304362561974012,-1.4317636750868914,0
-1.356620004376821,-1.4462259344312034,0
-1.3830682348610834,-1.4608342772032357,-1.4608342772032357
-0.16070609653197504,-0.7856781408072188,0
-0.17507438855315824,-0.7936142836436553,0
-0.18958781483718182,-0.8016305895390458,0
-0.20424784138670043,-0.8097278682212583,0
-0.219055949012477,-0.8179069375972307,0
-0.2340136334829583,-0.8261686238355865,0
-0.24912240567536356,-0.8345137614500874,0
-0.2643837917282983,-0.8429431933839266,0
-0.27979933319590905,-0.8514577710948754,0
-0.29537058720359677,-0.8600583546412883,0
-0.31109912660530153,-0.8687458127689781,0
-0.32698654014237705,-0.8775210229989678,0
-0.34303443260406946,-0.8863848717161291,0
-0.3592444249896173,-0.8953382542587163,0
-0.37561815467198884,-0.9043820750088043,0
-0.3921572755632733,-0.9135172474836407,0
-0.4088634582817425,-0.92274469442792,0
-0.4257383903206003,-0.9320653479069899,0
-0.44278377621843634,-0.9414801494009999,0
-0.4600013377314021,-0.9509900498999999,0
-0.4773928140071251,-0.96059601,0
-0.49495996176038054,-0.9702989999999999,0
-0.5127045554505377,-0.9801,0
-0.5306283874607974,-0.99,0
-0.5487332682792415,-1.0,-1.0
-0.16070609653197504,-0.7856781408072188,0
-0.17507438855315824,-0.7936142836436553,0
-0.18958781483718182,-0.8016305895390458,0
-0.20424784138670043,-0.8097278682212583,0
-0.219055949012477,-0.8179069375972307,0
-0.2340136334829583,-0.8261686238355865,0
-0.24912240567536356,-0.8345137614500874,0
-0.2643837917282983,-0.8429431933839266,0
-0.27979933319590905,-0.8514577710948754,0
-0.29537058720359677,-0.8600583546412883,0
-0.31109912660530153,-0.8687458127689781,0
-0.32698654014237705,-0.8775210229989678,0
-0.34303443260406946,-0.8863848717161291,0
-0.3592444249896173,-0.8953382542587163,0
-0.37561815467198884,-0.9043820750088043,0
-0.3921572755632733,-0.9135172474836407,0
-0.4088634582817425,-0.92274469442792,0
-0.4257383903206003,-0.9320653479069899,0
-0.44278377621843634,-0.9414801494009999,0
-0.4600013377314021,-0.9509900498999999,0
-0.4773928140071251,-0.96059601,0
-0.49495996176038054,-0.9702989999999999,0
-0.5127045554505377,-0.9801,0
-0.5306283874607974,-0.99,0
-0.5487332682792415,-1.0,-1.0
0.08464663803183547,-0.650160687240852,0
0.07275665646079166,-0.6567279669099515,0
0.06074657406579802,-0.6633615827373247,0
0.0486151777072184,-0.6700622047851765,0
0.036361241991481476,-0.6768305098840167,0
0.023983529147302732,-0.683667181701027,0
0.011480788900657625,-0.6905729108091182,0
-0.0011482416515091877,-0.6975483947566851,0
-0.013904838168849364,-0.7045943381380657,0
-0.026790289196465658,-0.7117114526647128,0
-0.039805896295068,-0.7189004572370836,0
-0.05295297417244414,-0.7261620780172562,0
-0.06623285081625853,-0.733497048502279,0
-0.07964686762819213,-0.7409061095982616,0
-0.09319637955943814,-0.7483900096952137,0
-0.10688275524756544,-0.7559495047426401,0
-0.12070737715476484,-0.7635853583258991,0
-0.13467164170749144,-0.7712983417433324,0
-0.1487769594375183,-0.7790892340841742,0
-0.1630247551244142,-0.7869588223072467,0
-0.1774164679394605,-0.7949079013204512,0
-0.1919535515910225,-0.8029372740610619,0
-0.20663747447138814,-0.8110477515768302,0
-0.2214697198050908,-0.8192401531079093,0
-0.23645178579872975,-0.8275153061696053,0
-0.2515851857923045,-0.835874046635965,0
-0.266871448412077,-0.8443172188242071,0
-0.28231211772497844,-0.8528456755800071,0
-0.29790875339457595,-0.8614602783636436,0
-0.31366293083861385,-0.8701618973370138,0
-0.3295762413881471,-0.8789514114515291,0
-0.3456502924482817,-0.8878297085368981,0
-0.36188670766053876,-0.8967976853908062,0
-0.3782871270668592,-0.9058562478695013,0
-0.3948532072752635,-0.9150063109792942,0
-0.41158662162718707,-0.924248798968984,0
-0.42848906036650375,-0.9335846454232162,0
-0.44556223081025814,-0.9430147933567841,0
-0.462807857521121,-0.9525401953098829,0
-0.48022768248158865,-0.9621618134443262,0
-0.4978234652699397,-0.9718806196407335,0
-0.5155969832379711,-0.9816975955967004,0
-0.533550031690528,-0.99161373292596,0
-0.5516844240668481,-1.0016300332585455,0
-0.5700019921237373,-1.0117475083419651,0
-0.588504586120595,-1.0219671801433992,0
-0.6071940750063098,-1.0322900809529285,0
-0.6260723466080421,-1.0427172534878066,0
-0.6451413078219129,-1.0532497509977845,0
-0.6644028848056209,-1.0638886373714995,0
-0.6838590231730026,-1.074634987243939,0
-0.7035116881905601,-1.0854898861049889,0
-0.7233628649759716,-1.0964544304090797,0
-0.7434145586986093,-1.107529727685939,0
-0.7636687947820817,-1.1187168966524637,0
-0.7841276191088216,-1.1300170673257208,0
-0.8047930982267407,-1.1414313811370917,0
-0.8256673195579719,-1.1529609910475673,0
-0.8467523916097209,-1.1646070616642095,0
-0.8680504441872452,-1.1763707693577874,0
-0.889563628608987,-1.1882533023816035,0
-0.9112941179238776,-1.2002558609915188,0
-0.9332441071308377,-1.2123796575671908,0
-0.9554158134004944,-1.2246259167345361,0
-0.9778114762991372,-1.2369958754894304,0
-1.0004333580149385,-1.249490783322657,0
-1.0232837435864548,-1.2621119023461183,0
-1.0463649411334408,-1.2748605074203214,0
-1.0696792820899925,-1.287737886283153,0
-1.0932291214400447,-1.3007453396799524,0
-1.1170168379552488,-1.3138841814949014,0
-1.1410448344352528,-1.3271557388837387,0
-1.1653155379504085,-1.3405613524078168,0
-1.1898314000869294,-1.354102376169512,0
-1.2145948971945264,-1.367780177949002,0
-1.2396085306365436,-1.3815961393424263,0
-1.2648748270426216,-1.3955516559014407,0
-1.2903963385639123,-1.4096481372741825,0
-1.3161756431308727,-1.423887007347659,0
-1.342215344713661,-1.4382697043915749,0
-1.3685180735851645,-1.452797681203611,0
-1.395086486586683,-1.4674724052561727,0
-1.4219232673962976,-1.4822953588446188,0
-1.449031126799949,-1.4972680392369888,-1.4972680392369888
-0.011069546134565117,-0.7030283007458749,0
-0.023926357848703856,-0.7101295967130049,0
-0.036913036347833876,-0.7173026229424292,0
-0.05003089341766213,-0.7245481039822517,0
-0.06328125409425633,-0.7318667716992441,0
-0.07666545679788693,-0.7392593653527718,0
-0.0901848534682209,-0.7467266316694665,0
-0.10384080970088144,-0.7542693249186531,0
-0.11763470488538699,-0.7618882069885384,0
-0.13156793234448347,-0.7695840474631701,0
-0.14564189947488398,-0.7773576237001718,0
-0.15985802788942996,-0.7852097209092644,0
-0.17421775356068853,-0.7931411322315802,0
-0.18872252696600028,-0.801152658819778,0
-0.20337381323399187,-0.8092451099189677,0
-0.21817309229256926,-0.8174193029484522,0
-0.2331218590184049,-0.8256760635842951,0
-0.24822162338793605,-0.8340162258427224,0
-0.2634739106298866,-0.842440632164366,0
-0.27888026137933164,-0.8509501334993597,0
-0.2944422318333166,-0.8595455893932926,0
-0.31016139390804875,-0.868227868074033,0
-0.32603933539767727,-0.8769978465394273,0
-0.34207766013467583,-0.8858564106458862,0
-0.3582779881518459,-0.8948044551978648,0
-0.3746419558459573,-0.9038428840382473,0
-0.3911712161430393,-0.9129726101396437,0
-0.4078674386653445,-0.9221945556966098,0
-0.4247323098999961,-0.9315096522187978,0
-0.44176753336934127,-0.9409188406250483,0
-0.45897482980302323,-0.9504230713384326,0
-0.47635593731179277,-0.9600233043822551,0
-0.4939126115630752,-0.9697205094770254,0
-0.51164662595831,-0.9795156661384095,0
-0.5295597718120826,-0.9894097637761712,0
-0.547653858533065,-0.9994038017941124,0
-0.5659307138067845,-1.0094987896910226,0
-0.5843921837802386,-1.019695747162649,0
-0.6030401332483741,-1.029995704204696,0
-0.6218764458424506,-1.0403997012168649,0
-0.6409030242203053,-1.0509087891079443,0
-0.6601217902585423,-1.0615240294019639,0
-0.6795346852466605,-1.072246494345418,0
-0.6991436700831436,-1.0830772670155737,0
-0.7189507254735307,-1.0940174414298725,0
-0.738957852130487,-1.1050681226564367,0
-0.7591670709758979,-1.1162304269256937,0
-0.7795804233449994,-1.127505481743125,0
-0.8001999711925771,-1.1388944260031566,0
-0.8210277973012413,-1.1503984101041986,0
-0.842066005491811,-1.162018596064847,0
-0.8633167208358209,-1.1737561576412596,0
-0.8847820898701743,-1.1856122804457168,0
-0.9064642808139657,-1.1975881620663806,0
-0.9283654837874922,-1.2096850121882632,0
-0.9504879110334788,-1.2219040527154175,0
-0.9728337971405361,-1.2342465178943611,0
-0.9954053992688767,-1.2467136544387487,0
-1.0182049973783116,-1.2593067216553018,0
-1.0412348944585488,-1.2720269915710118,0
-1.0644974167618184,-1.284875749061628,0
-1.0879949140378484,-1.2978542919814424,0
-1.1117297597712126,-1.3109639312943864,0
-1.1357043514210752,-1.324205991206451,0
-1.1599211106633602,-1.3375818092994454,0
-1.1843824836353658,-1.3510927366661065,0
-1.2090909411828459,-1.3647401380465722,0
-1.2340489791095937,-1.3785253919662346,0
-1.2592591184295407,-1.3924498908749845,0
-1.2847239056214066,-1.406515041287863,0
-1.3104459128859174,-1.4207222639271344,0
-1.3364277384056251,-1.4350729938657922,0
-1.3626720066073503,-1.4495686806725174,0
-1.3891813684272747,-1.4642107885580984,0
-1.4159585015787135,-1.4790007965233316,0
-1.443006110822591,-1.4939401985084158,-1.4939401985084158
-0.30016791798262715,-0.8627080991091686,0
-0.3159449152709887,-0.8714223223324935,0
-0.3318812761683237,-0.8802245680126197,0
-0.34797861040805605,-0.8891157252652725,0
-0.36423854398354316,-0.8980966921871439,0
-0.38066271931231804,-0.90716837594661,0
-0.3972527954019896,-0.9163316928753636,0
-0.41401044801781944,-0.9255875685609734,0
-0.43093736985199105,-0.9349369379403771,0
-0.4480352706945887,-0.9443807453943204,0
-0.46530587760630354,-0.9539199448427479,0
-0.4827509350928841,-0.9635554998411595,0
-0.5003722052813493,-0.9732883836779389,0
-0.5181714680979809,-0.9831195794726656,0
-0.5361505214481138,-0.9930500802754199,0
-0.554311181397743,-1.0030808891670908,0
-0.5726552823569645,-1.0132130193606979,0
-0.591184677265269,-1.0234474943037353,0
-0.6099012377787079,-1.0337853477815508,0
-0.628806854458949,-1.0442276240217685,0
-0.6479034369642431,-1.0547753777997662,0
-0.667192914242318,-1.0654296745452183,0
-0.6866772347252219,-1.0761915904497155,0
-0.7063583665261348,-1.08706221257547,0
-0.726238297638168,-1.0980426389651212,0
-0.7463190361351715,-1.1091339787526477,0
-0.7666026103745691,-1.1203373522754019,0
-0.7870910692022434,-1.1316538911872747,0
-0.80778648215949,-1.1430847385730047,0
-0.8286909396920622,-1.1546310490636411,0
-0.8498065533613274,-1.166293988953173,0
-0.8711354560575548,-1.1780747363163364,0
-0.89267980221536,-1.1899744811276125,-1.1899744811276125
-0.34327501373841196,-0.886517753637173,0
-0.359487436236428,-0.8954724784213869,0
-0.3758636205778584,-0.9045176549710979,0
-0.3924052209227375,-0.913654196940503,0
-0.40911390813978704,-0.9228830272126293,0
-0.42599136997519066,-0.9322050779925548,0
-0.4430393112230731,-0.9416212909015705,0
-0.46025945389770184,-0.9511326170722935,0
-0.47765353740742783,-0.9607400172447409,0
-0.49522331873038333,-0.9704444618633746,0
-0.5129705725919546,-0.9802469311751258,0
-0.5308970916440466,-0.9901484153284099,0
-0.5490046866461601,-1.0001499144731414,0
-0.5672951866482949,-1.010252438861759,0
-0.5857704391757038,-1.020457008951272,0
-0.6044323104155105,-1.0307646555063352,0
-0.6232826854052143,-1.0411764197033688,0
-0.6423234682230967,-1.051693353235726,0
-0.6615565821805539,-1.0623165184199252,0
-0.6809839700163692,-1.0730469883029548,0
-0.7006075940929505,-1.0838858467706614,0
-0.7204294365945476,-1.0948341886572337,0
-0.7404514997274739,-1.1058931198557915,0
-0.7606758059223493,-1.1170637574300926,0
-0.7811043980383848,-1.1283472297273662,0
-0.801739339569734,-1.1397446764922892,0
-0.8225827148539249,-1.1512572489821102,0
-0.8436366292824008,-1.1628861100829397,0
-0.8649032095131843,-1.1746324344272119,0
-0.8863846036856929,-1.1864974085123352,0
-0.908082981637722,-1.1984822308205407,0
-0.9300005351246201,-1.2105881119399402,0
-0.9521394780406787,-1.2228162746868083,0
-0.9745020466427581,-1.2351679542290994,0
-0.9970904997761715,-1.2476443982112115,0
-1.019907119102852,-1.2602468668800118,0
-1.0429542093318218,-1.272976633212133,0
-1.0662340984519934,-1.2858349830425586,-1.2858349830425586
-0.20985485400974505,-0.8128248301285317,0
-0.22471959812666342,-0.8210351819480118,0
-0.2397344911740557,-0.8293284666141534,0
-0.2549010498077852,-0.8377055218324782,0
-0.27022080600347154,-0.8461671937701799,0
-0.2856953072112356,-0.8547143371415958,0
-0.3013261165120074,-0.8633478152945413,0
-0.3171148127754133,-0.8720685002975165,0
-0.3330629908192575,-0.8808772730277944,0
-0.34917226157061537,-0.8897750232603984,0
-0.3654442522285526,-0.8987626497579781,0
-0.3818806064284891,-0.9078410603615941,0
-0.398482984408223,-0.9170111720824182,0
-0.41525306317563104,-0.9262739111943619,0
-0.43219253667806345,-0.9356302133276383,0
-0.44930311597344974,-0.9450810235632711,0
-0.4665865294031327,-0.9546272965285566,0
-0.484044522766449,-0.9642699964934915,0
-0.5016788594970714,-0.9740100974681732,0
-0.5194913208411344,-0.9838485833011851,0
-0.5374837060371577,-0.9937864477789748,0
-0.5556578324977873,-1.0038246947262373,0
-0.5740155359933728,-1.0139643381073105,0
-0.5925586708373984,-1.0242064021285964,0
-0.611289110073788,-1.0345519213420165,0
-0.6302087456661004,-1.0450019407495115,0
-0.6493194886886385,-1.0555575159085975,0
-0.6686232695194853,-1.0662197130389874,0
-0.688122038035492,-1.0769896091302904,0
-0.7078177638092362,-1.0878682920507985,0
-0.7277124363079678,-1.0988568606573723,0
-0.7478080650945651,-1.1099564249064366,0
-0.7681066800305221,-1.1211681059660976,0
-0.7886103314809835,-1.1324930363293915,0
-0.8093210905218539,-1.1439323599286784,0
-0.8302410491489954,-1.1554872322511902,0
-0.8513723204895426,-1.1671588204557477,0
-0.8727170390153478,-1.1789483034906543,0
-0.8942773607585854,-1.1908568722127821,0
-0.9160554635295325,-1.2028857295078608,0
-0.9380535471365498,-1.2150360904119806,0
-0.9602738336082843,-1.2273091822343238,0
-0.982718567418117,-1.239706244681135,0
-1.0053900157108775,-1.2522285299809446,0
-1.0282904685318477,-1.2648773030110552,0
-1.0514222390580803,-1.2776538414253082,0
-1.0747876638320524,-1.2905594357831396,0
-1.098389102997681,-1.303595389679939,0
-1.12222894053872,-1.3167630198787263,0
-1.1463095845195677,-1.330063656443158,0
-1.1706334673285046,-1.343498642871877,0
-1.1952030459233902,-1.3570693362342192,0
-1.2200208020798402,-1.370777107307292,0
-1.245089242641911,-1.3846233407144364,0
-1.2704108997753158,-1.3986094350650873,0
-1.2959883312232,-1.4127368030960479,0
-1.3218241205644963,-1.4270068718141897,0
-1.3479208774748972,-1.4414210826405958,0
-1.3742812379904537,-1.4559808915561574,0
-1.4009078647738435,-1.4706877692486438,-1.4706877692486438
0.21705466833503068,-0.5770268005110889,0
0.20650214161553435,-0.5828553540516049,0
0.19584302371705312,-0.588742781870308,0
0.1850762379610115,-0.5946896786568768,0
0.17420069679329273,-0.6006966451079564,0
0.16321530167438483,-0.6067642879878348,0
0.15211894296841721,-0.6128932201897321,0
0.1409104998310762,-0.6190840607977093,0
0.12958884009638844,-0.6253374351492013,0
0.11815282016236034,-0.6316539748981831,0
0.10660128487546328,-0.6380343180789728,0
0.09493306741395106,-0.6444791091706796,0
0.08314698916999931,-0.6509889991623027,0
0.07124185963065408,-0.6575646456184876,0
0.05921647625757808,-0.6642067127459471,0
0.04706962436558219,-0.6709158714605526,0
0.03480007699992968,-0.6776927994551037,0
0.022406594812402036,-0.6845381812677815,0
0.009887925936111493,-0.6914527083512945,0
-0.0027571941409497065,-0.6984370791427217,0
-0.015530042703637866,-0.7054919991340624,0
-0.028431909938676427,-0.7126181809434974,0
-0.041464099064977875,-0.7198163443873711,0
-0.05462792646528243,-0.7270872165529001,0
-0.06792472181912537,-0.7344315318716162,0
-0.08135582823714847,-0.7418500321935517,0
-0.09492260239676785,-0.7493434668621735,0
-0.10862641467921161,-0.7569125927900742,0
-0.12246864930794284,-0.7645581745354285,0
-0.13645070448847943,-0.7722809843792208,0
-0.15057399254962742,-0.7800818024032533,0
-0.16483994008614045,-0.7879614165689427,0
-0.17924998810282028,-0.7959206227969118,0
-0.19380559216007268,-0.8039602250473856,0
-0.20850822252093376,-0.8120810354013996,0
-0.2233593642995812,-0.8202838741428279,0
-0.23836051761134638,-0.8285695698412403,0
-0.25351319772424047,-0.8369389594355963,0
-0.26881893521201233,-0.8453928883187841,0
-0.28427927610875153,-0.8539322104230143,0
-0.29989578206505374,-0.862557788306075,0
-0.31567003050576314,-0.8712704932384596,0
-0.331603614789308,-0.8800712052913734,0
-0.3476981443686462,-0.8889608134256297,0
-0.36395524495383635,-0.8979402155814442,0
-0.38037655867625064,-0.9070103187691356,0
-0.39696374425444686,-0.9161720391607431,0
-0.41371847716171584,-0.9254263021825688,0
-0.43064244979532074,-0.9347740426086554,0
-0.447737371647447,-0.9442162046552075,0
-0.4650049694778775,-0.9537537420759672,0
-0.48244698748841325,-0.9633876182585527,0
-0.5000651874990555,-0.9731188063217704,0
-0.5178613491259669,-0.9829482892139095,0
-0.5358372699612309,-0.9928770598120298,0
-0.5539947657544269,-1.0029061210222523,0
-0.5723356705960391,-1.013036485881063,0
-0.5908618371027181,-1.0232691776576395,0
-0.609575136604414,-1.0336052299572116,0
-0.6284774593333995,-1.0440456868254662,0
-0.6475707146152033,-1.0545916028540063,0
-0.6668568310614698,-1.065244043286875,0
-0.6863377567647692,-1.0760040841281566,0
-0.7060154594953746,-1.0868728122506632,0
-0.7258919269000266,-1.0978513255057205,0
-0.7459691667027052,-1.108940732834061,0
-0.7662492069074311,-1.1201421543778394,0
-0.7867340960031141,-1.1314567215937772,0
-0.8074259031704706,-1.1428855773674518,0
-0.8283267184910328,-1.1544298761287393,0
-0.8494386531582673,-1.1660907839684236,0
-0.8707638396908272,-1.1778694787559834,0
-0.8923044321479586,-1.1897671502585692,0
-0.9140626063470811,-1.201785000261181,0
-0.9360405600835686,-1.2139242426880616,0
-0.9582405133527478,-1.2261861037253148,0
-0.9806647085741408,-1.2385718219447623,0
-1.0033154108179723,-1.251082648429053,0
-1.0261949080339636,-1.2637198468980333,0
-1.0493055112824397,-1.2764846938363972,0
-1.072649554967769,-1.2893784786226234,0
-1.0962293970741623,-1.3024025036592155,0
-1.1200474194038523,-1.315558084504258,0
-1.1441060278176807,-1.328846550004301,0
-1.1684076524781137,-1.342269242428587,0
-1.1929547480947127,-1.3558275176046333,0
-1.2177497941720854,-1.3695227450551852,0
-1.2427952952603405,-1.3833563081365507,0
-1.2680937812080728,-1.397329604178334,0
-1.2936478074179036,-1.41144404462458,0
-1.3194599551046013,-1.4257010551763434,0
-1.3455328315558113,-1.4401020759357004,0
-1.3718690703954173,-1.4546485615512126,0
-1.3984713318495645,-1.4693419813648612,0
-1.4253423030153698,-1.4841838195604657,0
-1.452484698132345,-1.4991755753136018,-1.4991755753136018
0.7496851645872475,-0.2828351393820046,0
0.7445127438905008,-0.28569205998182284,0
0.7392880765200497,-0.2885778383654776,0
0.7340106347317151,-0.291492766025735,0
0.728679885450569,-0.2944371373997323,0
0.7232952902170882,-0.29741124989871953,0
0.7178563051327641,-0.30041540393810057,0
0.712362380805164,-0.30344990296777835,0
0.7068129622924366,-0.30651505350280644,0
0.7012074890472575,-0.30961116515434994,0
0.6955453948602078,-0.31273855066095957,0
0.689826107802582,-0.3158975259201612,0
0.6840490501686165,-0.3190884100203648,0
0.6782136384171362,-0.32231152527309576,0
0.6723192831126106,-0.3255671972455513,0
0.6663653888656149,-0.32885575479348617,0
0.6603513542726902,-0.33217753009443046,0
0.6542765718555944,-0.3355328586812429,0
0.6481404279999422,-0.3389220794760029,0
0.6419423028932227,-0.34234553482424535,0
0.635681570462193,-0.34580357052954075,0
0.6293575983096377,-0.349296535888425,0
0.6229697476504908,-0.3528247837256818,0
0.6165173732473123,-0.3563886704299816,0
0.6099998233451117,-0.35998855598988044,0
0.6034164396055152,-0.36362480403018227,0
0.5967665570402662,-0.36729778184866896,0
0.590049503944055,-0.37100786045320094,0
0.5832646018266701,-0.37475541459919287,0
0.5764111653444629,-0.37854082282746754,0
0.5694885022311225,-0.3823644675024925,0
0.5624959132277483,-0.3862267348510025,0
0.5554326920122187,-0.39012801500101263,0
0.5482981251278455,-0.3940687020212249,0
0.5410914919113068,-0.3980491939608332,0
0.5338120644198537,-0.4020698928897305,0
0.5264591073577799,-0.4061312049391217,0
0.5190318780021497,-0.41023354034254716,0
0.5115296261277757,-0.4143773134773204,0
0.5039515939314384,-0.41856294290638424,0
0.49629701595534004,-0.42279085142059014,0
0.4885651190097863,-0.42706146608140416,0
0.48075512209508536,-0.4313752182640446,0
0.4728662363226603,-0.4357325437010552,0
0.4648976648353622,-0.44013388252631835,0
0.45684860272698036,-0.4445796793195135,0
0.44871823696093804,-0.4490703831510237,0
0.440505746288168,-0.4536064476272967,0
0.4322103011641579,-0.45818833093666334,0
0.42383106366515777,-0.4628164958956195,0
0.4153671874035415,-0.46749140999557526,0
0.4068178174423129,-0.47221354545007604,0
0.3981820902087487,-0.47698337924250106,0
0.3894591334071687,-0.4818013931742435,0
0.38064806593082523,-0.48666807391337724,0
0.37174799777290257,-0.4915839130438154,0
0.36275802993661704,-0.49654940711496504,0
0.3536772543444095,-0.5015650576918839,0
0.34450475374622,-0.5066313714059433,0
0.33523960162683675,-0.5117488600060033,0
0.32588086211230805,-0.5169180404101044,0
0.31642758987541036,-0.5221394347576812,0
0.3068788300401602,-0.5274135704623043,0
0.2972336180853621,-0.5327409802649539,0
0.2874909797471823,-0.5381222022878321,0
0.2776499309207379,-0.5435577800887194,0
0.26770947756069313,-0.5490482627158781,0
0.2576686155808499,-0.5545942047635133,0
0.2475263307527254,-0.5601961664277912,0
0.2372815986031047,-0.5658547135634255,0
0.22693338431055865,-0.5715704177408338,0
0.21648064260091618,-0.5773438563038725,0
0.20592231764168126,-0.5831756124281541,0
0.19525734293538347,-0.5890662751799536,0
0.18448464121185024,-0.5950164395757107,0
0.17360312431939254,-0.601026706642132,0
0.1626116931148898,-0.607097683476901,0
0.1515092373527657,-0.613229983310001,0
0.14029463557284244,-0.6194242255656576,0
0.12896675498706134,-0.6256810359249066,0
0.11752445136506019,-0.6320010463887946,0
0.10596656891859449,-0.6383848953422168,0
0.09429194018479067,-0.6448332276184008,0
0.08249938590822126,-0.6513466945640412,0
0.07058771492178752,-0.657925954105092,0
0.05855572402639972,-0.6645716708132243,0
0.046402197869442365,-0.6712845159729539,0
0.034125908822010845,-0.6780651676494484,0
0.021725616854908144,-0.6849143107570186,0
0.009200069413390417,-0.6918326371283016,0
-0.0034519987093549046,-0.698820845584143,0
-0.016231865500006604,-0.7058796420041848,0
-0.029140821854200236,-0.7130097393981665,0
-0.04218017170692119,-0.720211857977946,0
-0.05535123216421512,-0.7274867252302485,0
-0.06865533363622907,-0.73483507599015,0
-0.08209381997159666,-0.742257652515303,0
-0.09566804859318011,-0.749755204560912,0
-0.10937939063518365,-0.7573284894554667,0
-0.1232292310816519,-0.7649782721772391,0
-0.13721896890636728,-0.7727053254315547,0
-0.15135001721416058,-0.7805104297288431,0
-0.1656238033836487,-0.7883943734634778,0
-0.1800417692114145,-0.7963579529934119,0
-0.19460537105764256,-0.8044019727206181,0
-0.20931607999322657,-0.8125272451723415,0
-0.22417538194836187,-0.8207345910831733,0
-0.23918477786264,-0.8290248394779528,0
-0.2543457838366583,-0.8373988277555079,0
-0.26965993128516164,-0.8458574017732403,0
-0.28512876709173074,-0.854401415932566,0
-0.3007538537650328,-0.8630317332652182,0
-0.316536769596651,-0.8717492255204224,0
-0.33247910882050774,-0.880554773252952,0
-0.34858248177389856,-0.8894492659120727,0
-0.36484851506015187,-0.8984336019313867,0
-0.38127885171293285,-0.9075086888195825,0
-0.3978751513622066,-0.9166754432521035,0
-0.4146390904018771,-0.9259347911637409,0
-0.43157236215912004,-0.9352876678421626,0
-0.4486766770654261,-0.9447350180223865,0
-0.46595376282937145,-0.9542777959822085,0
-0.4834053646111346,-0.9639169656385945,0
-0.501033245198774,-0.973653500645045,0
-0.5188391851862887,-0.9834883844899445,0
-0.5368249831534752,-0.9934226105959035,0
-0.554992455847603,-1.0034571824201046,0
-0.573343438366924,-1.0135931135556613,0
-0.591879784346036,-1.0238314278340013,0
-0.6106033661431189,-1.0341731594282841,0
-0.6295160750290612,-1.0446193529578627,0
-0.6486198213784979,-1.0551710635938008,0
-0.6679165348627775,-1.0658293571654553,0
-0.687408164644878,-1.0765953102681367,0
-0.7070966795762926,-1.0874700103718553,0
-0.7269840683959032,-1.098454555931167,0
-0.7470723399308637,-1.1095500564961283,0
-0.7673635232995106,-1.120757632824372,0
-0.7878596681163257,-1.1320784169943152,0
-0.8085628446989671,-1.1435135525195104,0
-0.8294751442773929,-1.155064194464152,0
-0.8505986792050956,-1.1667315095597495,0
-0.871935583172472,-1.1785166763229793,0
-0.8934880114223474,-1.1904208851747267,0
-0.9152581409676759,-1.20244533856033,0
-0.937248170811442,-1.2145912510710404,0
-0.9594603221687816,-1.2268598495667076,0
-0.981896838691347,-1.2392523732997047,0
-1.0045599866939383,-1.2517700740401059,0
-1.0274520553834243,-1.2644142162021272,0
-1.0505753570899758,-1.2771860769718457,0
-1.0739322275006342,-1.290086946436208,0
-1.097525025895238,-1.3031181277133412,0
-1.121356135384737,-1.316280937084183,0
-1.1454279631519078,-1.3295767041254374,0
-1.1697429406945044,-1.343006771843876,0
-1.1943035240708648,-1.356572496811996,0
-1.2191121941479965,-1.3702752493050465,0
-1.24417145685217,-1.384116413439441,0
-1.269483843422042,-1.3980973873125666,0
-1.2950519106643372,-1.4122195831440068,0
-1.32087824121211,-1.4264844274181887,0
-1.3469654437856182,-1.4408933610284735,0
-1.3733161534558282,-1.4554478394227006,0
-1.3999330319105858,-1.4701493327502027,0
-1.4268187677234725,-1.4849993260103058,0
-1.453976076625378,-1.499999319202329,-1.499999319202329
1.26175481356517,0.0,0
1.26175481356517,0.0,0
1.26175481356517,0.0,0
1.26175481356517,0.0,0
1.26175481356517,0.0,0
1.26175481356517,0.0,0
1.26175481356517,0.0,0
1.26175481356517,0.0,0
1.26175481356517,0.0,0
1.26175481356517,0.0,0
1.26175481356517,0.0,0
1.26175481356517,0.0,0
1.26175481356517,0.0,0
1.26175481356517,0.0,0